{
  "_id": "58efb89539f11438683381e0",
  "restaurant_id": "173150",
  "__v": 0,
  "meta": {
    "updateAt": "2017-04-13T17:42:45.888Z",
    "createAt": "2017-04-13T17:42:45.888Z"
  },
  "content": [{
    "description": "",
    "icon_url": "",
    "name": "饿了么优质餐厅",
    "foods": [{
      "month_sales": 0,
      "image_path": "http://xiaodiwaimai.oss-cn-shenzhen.aliyuncs.com/05a9e5ee3acbf622bf04301cf405ba73jpeg.jpeg",
      "name": "团购订餐",
      "satisfy_rate": 0,
      "description": "只限网上订餐",
      "original_price": null,
      "price": 0,
      "sold_out": false
    }, {
      "month_sales": 0,
      "image_path": "http://xiaodiwaimai.oss-cn-shenzhen.aliyuncs.com/72b4e5ccde3cba7efe9feceab5b2c4f2jpeg.jpeg",
      "name": "小胖",
      "satisfy_rate": 0,
      "description": "",
      "original_price": null,
      "price": 0,
      "sold_out": false
    }, {
      "month_sales": 0,
      "image_path": "",
      "name": "饿了么会员再减4元",
      "satisfy_rate": 0,
      "description": "饿了么会员再减4元",
      "original_price": null,
      "price": 999,
      "sold_out": false
    }]
  }, {
    "description": "美味又实惠, 大家快来抢!",
    "icon_url": "http://xiaodiwaimai.oss-cn-shenzhen.aliyuncs.com/4735c4342691749b8e1a531149a46117jpeg.jpeg",
    "name": "优惠",
    "foods": [{
      "month_sales": 236,
      "image_path": "http://xiaodiwaimai.oss-cn-shenzhen.aliyuncs.com/f924d2b89d2c1f0edba4facff4e0eb47jpeg.jpeg",
      "name": "烤鱼+白菜+豆芽+鸭血+米饭1份",
      "satisfy_rate": 91,
      "description": "",
      "original_price": 29.88,
      "price": 11.35,
      "sold_out": false
    }, {
      "month_sales": 112,
      "image_path": "http://xiaodiwaimai.oss-cn-shenzhen.aliyuncs.com/a4674168957912ac0e96231878a52df6jpeg.jpeg",
      "name": "三鲜锅仔：鱼丸贡丸鸡块粉丝娃娃菜+米饭1",
      "satisfy_rate": 100,
      "description": "",
      "original_price": 29.88,
      "price": 11.35,
      "sold_out": false
    }, {
      "month_sales": 177,
      "image_path": "http://xiaodiwaimai.oss-cn-shenzhen.aliyuncs.com/5beeb8bd422d3583b1e0f650c1718734jpeg.jpeg",
      "name": "本鸡锅仔+香菇+土豆+千张+米饭1",
      "satisfy_rate": 100,
      "description": "",
      "original_price": 28.88,
      "price": 10.97,
      "sold_out": false
    }, {
      "month_sales": 256,
      "image_path": "http://xiaodiwaimai.oss-cn-shenzhen.aliyuncs.com/6f93e78f078735d585a4a81e085357f3jpeg.jpeg",
      "name": "酸菜肥牛+白菜+番茄+金针菇+米饭1",
      "satisfy_rate": 75,
      "description": "",
      "original_price": 28.88,
      "price": 10.97,
      "sold_out": false
    }, {
      "month_sales": 225,
      "image_path": "http://xiaodiwaimai.oss-cn-shenzhen.aliyuncs.com/40f33e259cc36226147f318e9d8d4a1djpeg.jpeg",
      "name": "酸辣大白菜",
      "satisfy_rate": 86,
      "description": "图片仅供参考",
      "original_price": 11.8,
      "price": 4.2,
      "sold_out": false
    }, {
      "month_sales": 426,
      "image_path": "http://xiaodiwaimai.oss-cn-shenzhen.aliyuncs.com/71b12b2f72b5d0da694953161aef454ajpeg.jpeg",
      "name": "酸辣土豆丝",
      "satisfy_rate": 79,
      "description": "图片仅供参考",
      "original_price": 12.8,
      "price": 4.2,
      "sold_out": false
    }, {
      "month_sales": 291,
      "image_path": "http://xiaodiwaimai.oss-cn-shenzhen.aliyuncs.com/46e5ca70ca139fbe0a6d6a2590a98460jpeg.jpeg",
      "name": "番茄炒蛋",
      "satisfy_rate": 88,
      "description": "图片仅供参考",
      "original_price": 15,
      "price": 4.2,
      "sold_out": false
    }, {
      "month_sales": 222,
      "image_path": "http://xiaodiwaimai.oss-cn-shenzhen.aliyuncs.com/4ba92cd1d2e571e00112576f37a50250jpeg.jpeg",
      "name": "麻辣豆腐",
      "satisfy_rate": 85,
      "description": "图片仅供参考",
      "original_price": 10.8,
      "price": 4.2,
      "sold_out": false
    }, {
      "month_sales": 365,
      "image_path": "http://xiaodiwaimai.oss-cn-shenzhen.aliyuncs.com/41e6d384deeb57832bd8da9b4026c59bjpeg.jpeg",
      "name": "芹菜炒香干",
      "satisfy_rate": 73,
      "description": "图片仅供参考",
      "original_price": 13.8,
      "price": 4.2,
      "sold_out": false
    }, {
      "month_sales": 145,
      "image_path": "http://xiaodiwaimai.oss-cn-shenzhen.aliyuncs.com/6e4ca670611e725b88bc35cc40662ea6jpeg.jpeg",
      "name": "油豆腐烧红烧肉",
      "satisfy_rate": 80,
      "description": "图片仅供参考",
      "original_price": 28,
      "price": 14,
      "sold_out": false
    }, {
      "month_sales": 54,
      "image_path": "http://xiaodiwaimai.oss-cn-shenzhen.aliyuncs.com/cf331ec0c18fa369f67aa066dc524adejpeg.jpeg",
      "name": "酸菜肥牛锅仔",
      "satisfy_rate": 100,
      "description": "图片仅供参考",
      "original_price": 35,
      "price": 17.5,
      "sold_out": false
    }, {
      "month_sales": 71,
      "image_path": "http://xiaodiwaimai.oss-cn-shenzhen.aliyuncs.com/eafc5a882ac53079d08d07d7a5360297jpeg.jpeg",
      "name": "杂菇本鸡煲",
      "satisfy_rate": 100,
      "description": "（本鸡半只）图片仅供参考",
      "original_price": 36,
      "price": 18,
      "sold_out": false
    }, {
      "month_sales": 64,
      "image_path": "http://xiaodiwaimai.oss-cn-shenzhen.aliyuncs.com/d6974f98344b9254ec674773e7c94d5ajpeg.jpeg",
      "name": "农家小炒肉饭1",
      "satisfy_rate": 100,
      "description": "",
      "original_price": 24.8,
      "price": 11.9,
      "sold_out": false
    }, {
      "month_sales": 24,
      "image_path": "http://xiaodiwaimai.oss-cn-shenzhen.aliyuncs.com/1949ef5eff8071bdea7eb6cca1d77bedjpeg.jpeg",
      "name": "油豆腐烧肉饭1",
      "satisfy_rate": 100,
      "description": "",
      "original_price": 24.8,
      "price": 11.9,
      "sold_out": false
    }, {
      "month_sales": 35,
      "image_path": "http://xiaodiwaimai.oss-cn-shenzhen.aliyuncs.com/96de358f8e18fc5b4125920d011b54a2jpeg.jpeg",
      "name": "台湾烤鸭饭",
      "satisfy_rate": 0,
      "description": "",
      "original_price": 27.8,
      "price": 13.34,
      "sold_out": false
    }, {
      "month_sales": 25,
      "image_path": "http://xiaodiwaimai.oss-cn-shenzhen.aliyuncs.com/0d0774f0fa6ff7af4a4817a53e15e9a1jpeg.jpeg",
      "name": "番茄炒蛋饭1",
      "satisfy_rate": 0,
      "description": "",
      "original_price": 25,
      "price": 12,
      "sold_out": false
    }]
  }, {
    "description": "",
    "icon_url": "",
    "name": "8块9毛的好吃盖浇饭",
    "foods": [{
      "month_sales": 66,
      "image_path": "http://xiaodiwaimai.oss-cn-shenzhen.aliyuncs.com/a482d05a59f5b1c405ba6b3d7ca03bedjpeg.jpeg",
      "name": "香干肉丝饭",
      "satisfy_rate": 66,
      "description": "",
      "original_price": null,
      "price": 28,
      "sold_out": false
    }, {
      "month_sales": 103,
      "image_path": "http://xiaodiwaimai.oss-cn-shenzhen.aliyuncs.com/79079c36217526ad2f4ca0c63357c05fjpeg.jpeg",
      "name": "宫爆鸡丁饭",
      "satisfy_rate": 60,
      "description": "",
      "original_price": null,
      "price": 28,
      "sold_out": false
    }, {
      "month_sales": 115,
      "image_path": "http://xiaodiwaimai.oss-cn-shenzhen.aliyuncs.com/05050d7537b4e13ea8094a3d4dd663dcjpeg.jpeg",
      "name": "肉末茄子饭",
      "satisfy_rate": 57,
      "description": "",
      "original_price": null,
      "price": 28,
      "sold_out": false
    }, {
      "month_sales": 88,
      "image_path": "http://xiaodiwaimai.oss-cn-shenzhen.aliyuncs.com/b8bf8c30d0aa97f2bf16d5406498061cjpeg.jpeg",
      "name": "尖椒炒蛋饭",
      "satisfy_rate": 100,
      "description": "",
      "original_price": null,
      "price": 28,
      "sold_out": false
    }, {
      "month_sales": 52,
      "image_path": "http://xiaodiwaimai.oss-cn-shenzhen.aliyuncs.com/3c5b4604259e85aba381bb80f89dd2f9jpeg.jpeg",
      "name": "酸豆角炒肉饭",
      "satisfy_rate": 100,
      "description": "",
      "original_price": null,
      "price": 28,
      "sold_out": false
    }, {
      "month_sales": 31,
      "image_path": "http://xiaodiwaimai.oss-cn-shenzhen.aliyuncs.com/652636e25e18325fde759a6938ab5537jpeg.jpeg",
      "name": "干锅包心菜饭",
      "satisfy_rate": 100,
      "description": "",
      "original_price": null,
      "price": 28,
      "sold_out": false
    }, {
      "month_sales": 18,
      "image_path": "http://xiaodiwaimai.oss-cn-shenzhen.aliyuncs.com/033cd54b95fbc52f85d9ecac171464cfjpeg.jpeg",
      "name": "干锅土豆片饭",
      "satisfy_rate": 0,
      "description": "",
      "original_price": null,
      "price": 28,
      "sold_out": false
    }]
  }, {
    "description": "一个人的时候想吃就吃",
    "icon_url": "",
    "name": "特色煲类（单人套餐）",
    "foods": [{
      "month_sales": 236,
      "image_path": "http://xiaodiwaimai.oss-cn-shenzhen.aliyuncs.com/f924d2b89d2c1f0edba4facff4e0eb47jpeg.jpeg",
      "name": "烤鱼+白菜+豆芽+鸭血+米饭1份",
      "satisfy_rate": 91,
      "description": "",
      "original_price": null,
      "price": 29.88,
      "sold_out": false
    }, {
      "month_sales": 112,
      "image_path": "http://xiaodiwaimai.oss-cn-shenzhen.aliyuncs.com/a4674168957912ac0e96231878a52df6jpeg.jpeg",
      "name": "三鲜锅仔：鱼丸贡丸鸡块粉丝娃娃菜+米饭1",
      "satisfy_rate": 100,
      "description": "",
      "original_price": null,
      "price": 29.88,
      "sold_out": false
    }, {
      "month_sales": 1854,
      "image_path": "http://xiaodiwaimai.oss-cn-shenzhen.aliyuncs.com/00f30c841d19aa3b85cf1ab1e405a002jpeg.jpeg",
      "name": "鸡公煲+金针菇+冬瓜+千张+米饭1份",
      "satisfy_rate": 85,
      "description": "",
      "original_price": null,
      "price": 27.88,
      "sold_out": false
    }, {
      "month_sales": 177,
      "image_path": "http://xiaodiwaimai.oss-cn-shenzhen.aliyuncs.com/5beeb8bd422d3583b1e0f650c1718734jpeg.jpeg",
      "name": "本鸡锅仔+香菇+土豆+千张+米饭1",
      "satisfy_rate": 100,
      "description": "",
      "original_price": null,
      "price": 28.88,
      "sold_out": false
    }, {
      "month_sales": 690,
      "image_path": "http://xiaodiwaimai.oss-cn-shenzhen.aliyuncs.com/32d08cf6851aa10210b931566807f33cjpeg.jpeg",
      "name": "水煮肉片+白菜+豆芽+金针菇+米饭1份",
      "satisfy_rate": 93,
      "description": "",
      "original_price": null,
      "price": 29.88,
      "sold_out": false
    }, {
      "month_sales": 296,
      "image_path": "http://xiaodiwaimai.oss-cn-shenzhen.aliyuncs.com/c722f4f94544a67162944f5be05bb0f3jpeg.jpeg",
      "name": "水煮鱼片+白菜+豆芽+金针菇+米饭1份",
      "satisfy_rate": 100,
      "description": "",
      "original_price": null,
      "price": 28.88,
      "sold_out": false
    }, {
      "month_sales": 310,
      "image_path": "http://xiaodiwaimai.oss-cn-shenzhen.aliyuncs.com/91f48a345e344379143e275af895d4f7jpeg.jpeg",
      "name": "酸菜鱼+手工石磨豆腐+金针菇+米饭1份",
      "satisfy_rate": 88,
      "description": "",
      "original_price": null,
      "price": 28.88,
      "sold_out": false
    }, {
      "month_sales": 256,
      "image_path": "http://xiaodiwaimai.oss-cn-shenzhen.aliyuncs.com/6f93e78f078735d585a4a81e085357f3jpeg.jpeg",
      "name": "酸菜肥牛+白菜+番茄+金针菇+米饭1",
      "satisfy_rate": 75,
      "description": "",
      "original_price": null,
      "price": 28.88,
      "sold_out": false
    }, {
      "month_sales": 233,
      "image_path": "http://xiaodiwaimai.oss-cn-shenzhen.aliyuncs.com/87ffeba106363e681ef0c05309208ac2jpeg.jpeg",
      "name": "翅中煲+鸡爪+冬瓜+金针菇+花蛤+米饭1",
      "satisfy_rate": 83,
      "description": "",
      "original_price": null,
      "price": 29.88,
      "sold_out": false
    }, {
      "month_sales": 681,
      "image_path": "http://xiaodiwaimai.oss-cn-shenzhen.aliyuncs.com/b38dcd3259d436c6cd3c6cd244317e3cjpeg.jpeg",
      "name": "猪蹄煲+鸡爪+冬瓜+金针菇+千张+米饭1",
      "satisfy_rate": 87,
      "description": "",
      "original_price": null,
      "price": 29.88,
      "sold_out": false
    }, {
      "month_sales": 1363,
      "image_path": "http://xiaodiwaimai.oss-cn-shenzhen.aliyuncs.com/305d0e91975f094f6863abf687695f7djpeg.jpeg",
      "name": "明虾煲+鸡爪+花蛤+金针菇+千张+米饭1",
      "satisfy_rate": 74,
      "description": "",
      "original_price": null,
      "price": 29.88,
      "sold_out": false
    }]
  }, {
    "description": "",
    "icon_url": "",
    "name": "家常小炒",
    "foods": [{
      "month_sales": 187,
      "image_path": "http://xiaodiwaimai.oss-cn-shenzhen.aliyuncs.com/e7363d07c669bdbd14b3c408ff127199jpeg.jpeg",
      "name": "番茄蛋汤/大份",
      "satisfy_rate": 90,
      "description": "图片仅供参考",
      "original_price": null,
      "price": 10,
      "sold_out": false
    }, {
      "month_sales": 101,
      "image_path": "http://xiaodiwaimai.oss-cn-shenzhen.aliyuncs.com/3675cf8f5d8a5af3acde2cbbeb14ff94jpeg.jpeg",
      "name": "酸辣汤/大份",
      "satisfy_rate": 83,
      "description": "图片仅供参考",
      "original_price": null,
      "price": 12,
      "sold_out": false
    }, {
      "month_sales": 225,
      "image_path": "http://xiaodiwaimai.oss-cn-shenzhen.aliyuncs.com/40f33e259cc36226147f318e9d8d4a1djpeg.jpeg",
      "name": "酸辣大白菜",
      "satisfy_rate": 86,
      "description": "图片仅供参考",
      "original_price": null,
      "price": 11.8,
      "sold_out": false
    }, {
      "month_sales": 426,
      "image_path": "http://xiaodiwaimai.oss-cn-shenzhen.aliyuncs.com/71b12b2f72b5d0da694953161aef454ajpeg.jpeg",
      "name": "酸辣土豆丝",
      "satisfy_rate": 79,
      "description": "图片仅供参考",
      "original_price": null,
      "price": 12.8,
      "sold_out": false
    }, {
      "month_sales": 291,
      "image_path": "http://xiaodiwaimai.oss-cn-shenzhen.aliyuncs.com/46e5ca70ca139fbe0a6d6a2590a98460jpeg.jpeg",
      "name": "番茄炒蛋",
      "satisfy_rate": 88,
      "description": "图片仅供参考",
      "original_price": null,
      "price": 15,
      "sold_out": false
    }, {
      "month_sales": 474,
      "image_path": "http://xiaodiwaimai.oss-cn-shenzhen.aliyuncs.com/d63084cbb00f36bc78ef91ef1e692951jpeg.jpeg",
      "name": "香菇青菜",
      "satisfy_rate": 91,
      "description": "",
      "original_price": null,
      "price": 12.8,
      "sold_out": false
    }, {
      "month_sales": 222,
      "image_path": "http://xiaodiwaimai.oss-cn-shenzhen.aliyuncs.com/4ba92cd1d2e571e00112576f37a50250jpeg.jpeg",
      "name": "麻辣豆腐",
      "satisfy_rate": 85,
      "description": "图片仅供参考",
      "original_price": null,
      "price": 10.8,
      "sold_out": false
    }, {
      "month_sales": 369,
      "image_path": "http://xiaodiwaimai.oss-cn-shenzhen.aliyuncs.com/bd252bd0d10eeba5f2ff3f848568e9acjpeg.jpeg",
      "name": "酱爆茄子",
      "satisfy_rate": 90,
      "description": "",
      "original_price": null,
      "price": 15.8,
      "sold_out": false
    }, {
      "month_sales": 365,
      "image_path": "http://xiaodiwaimai.oss-cn-shenzhen.aliyuncs.com/41e6d384deeb57832bd8da9b4026c59bjpeg.jpeg",
      "name": "芹菜炒香干",
      "satisfy_rate": 73,
      "description": "图片仅供参考",
      "original_price": null,
      "price": 13.8,
      "sold_out": false
    }, {
      "month_sales": 298,
      "image_path": "http://xiaodiwaimai.oss-cn-shenzhen.aliyuncs.com/80cd750a4c581a50f1892954f3b728cajpeg.jpeg",
      "name": "干锅土豆片",
      "satisfy_rate": 80,
      "description": "",
      "original_price": null,
      "price": 16,
      "sold_out": false
    }, {
      "month_sales": 290,
      "image_path": "http://xiaodiwaimai.oss-cn-shenzhen.aliyuncs.com/26402527a8eee7fb5ec1ee17f736c444jpeg.jpeg",
      "name": "尖椒炒蛋",
      "satisfy_rate": 75,
      "description": "",
      "original_price": null,
      "price": 18,
      "sold_out": false
    }, {
      "month_sales": 178,
      "image_path": "http://xiaodiwaimai.oss-cn-shenzhen.aliyuncs.com/3cf44f65018e5b60f438f18980643309jpeg.jpeg",
      "name": "香干肉丝",
      "satisfy_rate": 100,
      "description": "",
      "original_price": null,
      "price": 18,
      "sold_out": false
    }, {
      "month_sales": 153,
      "image_path": "http://xiaodiwaimai.oss-cn-shenzhen.aliyuncs.com/813bcc131520f97374044bc7f3bcb06fjpeg.jpeg",
      "name": "宫爆鸡丁",
      "satisfy_rate": 83,
      "description": "",
      "original_price": null,
      "price": 20,
      "sold_out": false
    }, {
      "month_sales": 227,
      "image_path": "http://xiaodiwaimai.oss-cn-shenzhen.aliyuncs.com/bcdef63fe73f9522372afb64b9518664jpeg.jpeg",
      "name": "农家小炒肉",
      "satisfy_rate": 57,
      "description": "图片仅供参考",
      "original_price": null,
      "price": 26,
      "sold_out": false
    }, {
      "month_sales": 92,
      "image_path": "http://xiaodiwaimai.oss-cn-shenzhen.aliyuncs.com/d240e64d29f05a8f3cc21ae9d2001115jpeg.jpeg",
      "name": "秘制烤鸡（半只）",
      "satisfy_rate": 85,
      "description": "",
      "original_price": null,
      "price": 26,
      "sold_out": false
    }, {
      "month_sales": 87,
      "image_path": "http://xiaodiwaimai.oss-cn-shenzhen.aliyuncs.com/55cf4e63a34c2844834b45bae7c9b1bfjpeg.jpeg",
      "name": "台湾烤鸭",
      "satisfy_rate": 90,
      "description": "图片仅供参考",
      "original_price": null,
      "price": 28,
      "sold_out": false
    }, {
      "month_sales": 145,
      "image_path": "http://xiaodiwaimai.oss-cn-shenzhen.aliyuncs.com/6e4ca670611e725b88bc35cc40662ea6jpeg.jpeg",
      "name": "油豆腐烧红烧肉",
      "satisfy_rate": 80,
      "description": "图片仅供参考",
      "original_price": 28,
      "price": 14,
      "sold_out": false
    }, {
      "month_sales": 55,
      "image_path": "http://xiaodiwaimai.oss-cn-shenzhen.aliyuncs.com/1e94d474f6430be487f9d3e6b008b79cjpeg.jpeg",
      "name": "干菜扣肉",
      "satisfy_rate": 100,
      "description": "图片仅供参考",
      "original_price": null,
      "price": 28.8,
      "sold_out": false
    }, {
      "month_sales": 79,
      "image_path": "http://xiaodiwaimai.oss-cn-shenzhen.aliyuncs.com/d576070af517fe49a5f2b30df31c506ajpeg.jpeg",
      "name": "黄豆猪脚",
      "satisfy_rate": 50,
      "description": "",
      "original_price": null,
      "price": 28,
      "sold_out": false
    }, {
      "month_sales": 69,
      "image_path": "http://xiaodiwaimai.oss-cn-shenzhen.aliyuncs.com/056a37c125c99a0f6b37ca15c254136bjpeg.jpeg",
      "name": "香辣啤酒鸭",
      "satisfy_rate": 50,
      "description": "图片仅供参考",
      "original_price": null,
      "price": 28,
      "sold_out": false
    }, {
      "month_sales": 119,
      "image_path": "http://xiaodiwaimai.oss-cn-shenzhen.aliyuncs.com/69303d0ee3f514e464a834d811952bfcjpeg.jpeg",
      "name": "土豆烧鸡",
      "satisfy_rate": 50,
      "description": "",
      "original_price": null,
      "price": 27,
      "sold_out": false
    }, {
      "month_sales": 1,
      "image_path": "http://xiaodiwaimai.oss-cn-shenzhen.aliyuncs.com/e5b2754db2f02fc79310764379f498a9jpeg.jpeg",
      "name": "红烧鲫鱼",
      "satisfy_rate": 0,
      "description": "",
      "original_price": null,
      "price": 28,
      "sold_out": false
    }]
  }, {
    "description": "",
    "icon_url": "",
    "name": "小胖招牌煲类",
    "foods": [{
      "month_sales": 151,
      "image_path": "http://xiaodiwaimai.oss-cn-shenzhen.aliyuncs.com/53a037c5cfb6a8693c9bd7b0a45b2a6fjpeg.jpeg",
      "name": "重庆鸡公煲/大份",
      "satisfy_rate": 72,
      "description": "图片仅供参考",
      "original_price": null,
      "price": 38,
      "sold_out": false
    }, {
      "month_sales": 58,
      "image_path": "http://xiaodiwaimai.oss-cn-shenzhen.aliyuncs.com/87ffeba106363e681ef0c05309208ac2jpeg.jpeg",
      "name": "鸡爪翅中煲",
      "satisfy_rate": 85,
      "description": "图片仅供参考",
      "original_price": null,
      "price": 48,
      "sold_out": false
    }, {
      "month_sales": 171,
      "image_path": "http://xiaodiwaimai.oss-cn-shenzhen.aliyuncs.com/f559c8334c8963e4e01dc629304d703ejpeg.jpeg",
      "name": "酸菜鱼（大）",
      "satisfy_rate": 91,
      "description": "",
      "original_price": null,
      "price": 36,
      "sold_out": false
    }, {
      "month_sales": 89,
      "image_path": "http://xiaodiwaimai.oss-cn-shenzhen.aliyuncs.com/ec19aea9a448f49f97fe4635d9e2c3f2jpeg.jpeg",
      "name": "猪蹄凤爪煲",
      "satisfy_rate": 100,
      "description": "图片仅供参考",
      "original_price": null,
      "price": 48,
      "sold_out": false
    }, {
      "month_sales": 32,
      "image_path": "http://xiaodiwaimai.oss-cn-shenzhen.aliyuncs.com/2c0f13b9dbf1d46e280eecf0a5c6052cjpeg.jpeg",
      "name": "三鲜锅仔",
      "satisfy_rate": 0,
      "description": "配料：鸡块，鱼丸，贡丸，虾干，粉丝，娃娃菜",
      "original_price": null,
      "price": 35,
      "sold_out": false
    }, {
      "month_sales": 34,
      "image_path": "http://xiaodiwaimai.oss-cn-shenzhen.aliyuncs.com/ade326327c52981a8368a0ae9a755fffjpeg.jpeg",
      "name": "花蛤明虾煲",
      "satisfy_rate": 66,
      "description": "图片仅供参考",
      "original_price": null,
      "price": 54,
      "sold_out": false
    }, {
      "month_sales": 54,
      "image_path": "http://xiaodiwaimai.oss-cn-shenzhen.aliyuncs.com/cf331ec0c18fa369f67aa066dc524adejpeg.jpeg",
      "name": "酸菜肥牛锅仔",
      "satisfy_rate": 100,
      "description": "图片仅供参考",
      "original_price": 35,
      "price": 17.5,
      "sold_out": false
    }, {
      "month_sales": 78,
      "image_path": "http://xiaodiwaimai.oss-cn-shenzhen.aliyuncs.com/983d9d00398b8218fa1dd42f65db6fe0jpeg.jpeg",
      "name": "万州烤鱼",
      "satisfy_rate": 100,
      "description": "图片仅供参考",
      "original_price": null,
      "price": 38,
      "sold_out": false
    }, {
      "month_sales": 123,
      "image_path": "http://xiaodiwaimai.oss-cn-shenzhen.aliyuncs.com/0b90707df43b874d517ee0406477097djpeg.jpeg",
      "name": "水煮肉片（大）",
      "satisfy_rate": 100,
      "description": "图片仅供参考",
      "original_price": null,
      "price": 35,
      "sold_out": false
    }, {
      "month_sales": 71,
      "image_path": "http://xiaodiwaimai.oss-cn-shenzhen.aliyuncs.com/eafc5a882ac53079d08d07d7a5360297jpeg.jpeg",
      "name": "杂菇本鸡煲",
      "satisfy_rate": 100,
      "description": "（本鸡半只）图片仅供参考",
      "original_price": 36,
      "price": 18,
      "sold_out": false
    }]
  }, {
    "description": "不要忘点米饭哦!",
    "icon_url": "",
    "name": "主食--下饭菜*饮料",
    "foods": [{
      "month_sales": 4649,
      "image_path": "http://xiaodiwaimai.oss-cn-shenzhen.aliyuncs.com/d3804abc8c20aca797996926aa83167cjpeg.jpeg",
      "name": "米饭",
      "satisfy_rate": 89,
      "description": "650方盒",
      "original_price": null,
      "price": 2,
      "sold_out": false
    }, {
      "month_sales": 666,
      "image_path": "http://xiaodiwaimai.oss-cn-shenzhen.aliyuncs.com/2eba82d48a8b3a19e7bd4d198b34b6c2jpeg.jpeg",
      "name": "馒头/个",
      "satisfy_rate": 82,
      "description": "",
      "original_price": null,
      "price": 2,
      "sold_out": false
    }, {
      "month_sales": 1161,
      "image_path": "http://xiaodiwaimai.oss-cn-shenzhen.aliyuncs.com/b2fb49302bb7b9b1a15d9bedceb9fb0cjpeg.jpeg",
      "name": "台式香肠/根",
      "satisfy_rate": 90,
      "description": "",
      "original_price": null,
      "price": 3,
      "sold_out": false
    }, {
      "month_sales": 2,
      "image_path": "http://xiaodiwaimai.oss-cn-shenzhen.aliyuncs.com/ac4006f6110eaa1679600f97356ac1fejpeg.jpeg",
      "name": "英潮虎皮鲜椒酱",
      "satisfy_rate": 0,
      "description": "80g",
      "original_price": null,
      "price": 7,
      "sold_out": false
    }, {
      "month_sales": 2,
      "image_path": "http://xiaodiwaimai.oss-cn-shenzhen.aliyuncs.com/2344a08f94c928d65db57e51bbfe2b25jpeg.jpeg",
      "name": "英潮鲁西牛肉鲜椒酱",
      "satisfy_rate": 100,
      "description": "80g",
      "original_price": null,
      "price": 7,
      "sold_out": false
    }, {
      "month_sales": 1,
      "image_path": "http://xiaodiwaimai.oss-cn-shenzhen.aliyuncs.com/235d085458d0b7e4f2fec49bf95226a2jpeg.jpeg",
      "name": "中绿粗粮王250ml",
      "satisfy_rate": 100,
      "description": "中绿粗粮王 能喝的粗粮",
      "original_price": null,
      "price": 3,
      "sold_out": false
    }, {
      "month_sales": 1,
      "image_path": "http://xiaodiwaimai.oss-cn-shenzhen.aliyuncs.com/fc76f4162f14d59de7240af6f1d53e86jpeg.jpeg",
      "name": "大雪碧",
      "satisfy_rate": 0,
      "description": "",
      "original_price": null,
      "price": 12,
      "sold_out": false
    }, {
      "month_sales": 1,
      "image_path": "http://xiaodiwaimai.oss-cn-shenzhen.aliyuncs.com/ab556ee11f314ee3246c4223d68b960ejpeg.jpeg",
      "name": "可乐",
      "satisfy_rate": 0,
      "description": "",
      "original_price": null,
      "price": 12,
      "sold_out": false
    }, {
      "month_sales": 1,
      "image_path": "http://xiaodiwaimai.oss-cn-shenzhen.aliyuncs.com/3834e2538c58b06578a80d20001f3940jpeg.jpeg",
      "name": "英潮魔鬼特辣*鲜椒酱",
      "satisfy_rate": 0,
      "description": "80g",
      "original_price": null,
      "price": 7,
      "sold_out": false
    }, {
      "month_sales": 49,
      "image_path": "http://xiaodiwaimai.oss-cn-shenzhen.aliyuncs.com/d3de89b5d22728173c1ebe3ffe338918jpeg.jpeg",
      "name": "荷包蛋",
      "satisfy_rate": 100,
      "description": "",
      "original_price": null,
      "price": 3,
      "sold_out": false
    }]
  }, {
    "description": "",
    "icon_url": "",
    "name": "各种煲单人管饱，双人免配送",
    "foods": [{
      "month_sales": 133,
      "image_path": "http://xiaodiwaimai.oss-cn-shenzhen.aliyuncs.com/c418073976a4abfc26e1f8ad33fc7c03jpeg.jpeg",
      "name": "鸡公煲＋金针菇＋冬瓜＋千张＋米饭",
      "satisfy_rate": 50,
      "description": "",
      "original_price": null,
      "price": 29.88,
      "sold_out": false
    }, {
      "month_sales": 179,
      "image_path": "http://xiaodiwaimai.oss-cn-shenzhen.aliyuncs.com/3a875ede1e3ac12d52462c0edf3f25a6jpeg.jpeg",
      "name": "明虾煲＋鸡爪＋花蛤＋金针菇＋千张＋米饭",
      "satisfy_rate": 25,
      "description": "",
      "original_price": null,
      "price": 29.88,
      "sold_out": false
    }, {
      "month_sales": 171,
      "image_path": "http://xiaodiwaimai.oss-cn-shenzhen.aliyuncs.com/355ccef772ab393b1f34847bb2324941jpeg.jpeg",
      "name": "鸡爪翅中煲＋冬瓜+金针菇＋花蛤＋米饭",
      "satisfy_rate": 37,
      "description": "",
      "original_price": null,
      "price": 29.88,
      "sold_out": false
    }]
  }, {
    "description": "",
    "icon_url": "",
    "name": "新品推荐",
    "foods": [{
      "month_sales": 23,
      "image_path": "http://xiaodiwaimai.oss-cn-shenzhen.aliyuncs.com/056a37c125c99a0f6b37ca15c254136bjpeg.jpeg",
      "name": "香辣啤酒鸭饭",
      "satisfy_rate": 50,
      "description": "",
      "original_price": null,
      "price": 28.8,
      "sold_out": false
    }, {
      "month_sales": 16,
      "image_path": "http://xiaodiwaimai.oss-cn-shenzhen.aliyuncs.com/fb9edbe4c40900b62f0df57b30702814jpeg.jpeg",
      "name": "土豆烧鸡饭",
      "satisfy_rate": 0,
      "description": "",
      "original_price": null,
      "price": 28.8,
      "sold_out": false
    }]
  }, {
    "description": "",
    "icon_url": "",
    "name": "双人套餐",
    "foods": [{
      "month_sales": 48,
      "image_path": "http://xiaodiwaimai.oss-cn-shenzhen.aliyuncs.com/4ad3e05600dff572fdd1f74811110dbdjpeg.jpeg",
      "name": "水煮肉片+韭菜煎蛋+米饭2份",
      "satisfy_rate": 100,
      "description": "",
      "original_price": null,
      "price": 55,
      "sold_out": false
    }, {
      "month_sales": 18,
      "image_path": "http://xiaodiwaimai.oss-cn-shenzhen.aliyuncs.com/ec9b33cc3bc68a43cc5a3368b0fc52fajpeg.jpeg",
      "name": "酸菜肥牛+宫爆鸡丁+米饭2份",
      "satisfy_rate": 100,
      "description": "",
      "original_price": null,
      "price": 60,
      "sold_out": false
    }, {
      "month_sales": 19,
      "image_path": "http://xiaodiwaimai.oss-cn-shenzhen.aliyuncs.com/d2e1b9b6cf0c79b5133a5f8c304672f7jpeg.jpeg",
      "name": "酸菜鱼+韭菜煎蛋+米饭2份",
      "satisfy_rate": 100,
      "description": "",
      "original_price": null,
      "price": 60,
      "sold_out": false
    }, {
      "month_sales": 28,
      "image_path": "http://xiaodiwaimai.oss-cn-shenzhen.aliyuncs.com/7664d7ee646c409bd3da0df8875de727jpeg.jpeg",
      "name": "重庆鸡公煲+香干肉丝+米饭2",
      "satisfy_rate": 100,
      "description": "",
      "original_price": null,
      "price": 60,
      "sold_out": false
    }, {
      "month_sales": 39,
      "image_path": "http://xiaodiwaimai.oss-cn-shenzhen.aliyuncs.com/f32f6ce4b3df699d7c9d9efc11508a51jpeg.jpeg",
      "name": "酸辣土豆丝+宫爆鸡丁+米饭2份",
      "satisfy_rate": 100,
      "description": "",
      "original_price": null,
      "price": 42,
      "sold_out": false
    }, {
      "month_sales": 23,
      "image_path": "http://xiaodiwaimai.oss-cn-shenzhen.aliyuncs.com/3cf44f65018e5b60f438f18980643309jpeg.jpeg",
      "name": "香干肉丝+尖椒炒蛋+米饭2份",
      "satisfy_rate": 100,
      "description": "",
      "original_price": null,
      "price": 42,
      "sold_out": false
    }, {
      "month_sales": 25,
      "image_path": "http://xiaodiwaimai.oss-cn-shenzhen.aliyuncs.com/80cd750a4c581a50f1892954f3b728cajpeg.jpeg",
      "name": "干锅土豆片+酱爆茄子+米饭2份",
      "satisfy_rate": 100,
      "description": "",
      "original_price": null,
      "price": 40,
      "sold_out": false
    }, {
      "month_sales": 5,
      "image_path": "http://xiaodiwaimai.oss-cn-shenzhen.aliyuncs.com/d8f9f0cdd67197ab0d370af0ee49687fjpeg.jpeg",
      "name": "三鲜锅仔+肉末酸豆角+米饭2份",
      "satisfy_rate": 0,
      "description": "",
      "original_price": null,
      "price": 58,
      "sold_out": false
    }, {
      "month_sales": 16,
      "image_path": "http://xiaodiwaimai.oss-cn-shenzhen.aliyuncs.com/7664d7ee646c409bd3da0df8875de727jpeg.jpeg",
      "name": "鸡公煲单人份+酸辣土豆丝+米饭",
      "satisfy_rate": 0,
      "description": "一起是2份米饭哦",
      "original_price": null,
      "price": 40,
      "sold_out": false
    }, {
      "month_sales": 17,
      "image_path": "http://xiaodiwaimai.oss-cn-shenzhen.aliyuncs.com/861b3a423a44fadf54f4bafd21db27fbjpeg.jpeg",
      "name": "明虾煲单人份+香菇青菜+米饭",
      "satisfy_rate": 0,
      "description": "亲！米饭是2份哦",
      "original_price": null,
      "price": 42,
      "sold_out": false
    }]
  }, {
    "description": "",
    "icon_url": "",
    "name": "精品简餐",
    "foods": [{
      "month_sales": 64,
      "image_path": "http://xiaodiwaimai.oss-cn-shenzhen.aliyuncs.com/d6974f98344b9254ec674773e7c94d5ajpeg.jpeg",
      "name": "农家小炒肉饭1",
      "satisfy_rate": 100,
      "description": "",
      "original_price": null,
      "price": 24.8,
      "sold_out": false
    }, {
      "month_sales": 24,
      "image_path": "http://xiaodiwaimai.oss-cn-shenzhen.aliyuncs.com/1949ef5eff8071bdea7eb6cca1d77bedjpeg.jpeg",
      "name": "油豆腐烧肉饭1",
      "satisfy_rate": 100,
      "description": "",
      "original_price": 24.8,
      "price": 11.9,
      "sold_out": false
    }, {
      "month_sales": 14,
      "image_path": "http://xiaodiwaimai.oss-cn-shenzhen.aliyuncs.com/f998d612e8ebffe71452b0d79d9b49a3jpeg.jpeg",
      "name": "干菜扣肉饭1",
      "satisfy_rate": 100,
      "description": "",
      "original_price": null,
      "price": 26.8,
      "sold_out": false
    }, {
      "month_sales": 35,
      "image_path": "http://xiaodiwaimai.oss-cn-shenzhen.aliyuncs.com/96de358f8e18fc5b4125920d011b54a2jpeg.jpeg",
      "name": "台湾烤鸭饭",
      "satisfy_rate": 0,
      "description": "",
      "original_price": 27.8,
      "price": 13.34,
      "sold_out": false
    }, {
      "month_sales": 10,
      "image_path": "http://xiaodiwaimai.oss-cn-shenzhen.aliyuncs.com/07f87b7cece2918981945216059f21a8jpeg.jpeg",
      "name": "脆皮烤鸡饭1",
      "satisfy_rate": 0,
      "description": "",
      "original_price": null,
      "price": 27.8,
      "sold_out": false
    }, {
      "month_sales": 25,
      "image_path": "http://xiaodiwaimai.oss-cn-shenzhen.aliyuncs.com/0d0774f0fa6ff7af4a4817a53e15e9a1jpeg.jpeg",
      "name": "番茄炒蛋饭1",
      "satisfy_rate": 0,
      "description": "",
      "original_price": 25,
      "price": 12,
      "sold_out": false
    }, {
      "month_sales": 1,
      "image_path": "",
      "name": "大排饭",
      "satisfy_rate": 0,
      "description": "",
      "original_price": null,
      "price": 28,
      "sold_out": false
    }]
  }, {
    "description": "",
    "icon_url": "",
    "name": "5折圣诞品质美食",
    "foods": [{
      "month_sales": 6,
      "image_path": "http://xiaodiwaimai.oss-cn-shenzhen.aliyuncs.com/89fbe2be1286d4657371ecb8354a9337jpeg.jpeg",
      "name": "烤鸭饭",
      "satisfy_rate": 100,
      "description": "",
      "original_price": null,
      "price": 24,
      "sold_out": false
    }, {
      "month_sales": 1,
      "image_path": "http://xiaodiwaimai.oss-cn-shenzhen.aliyuncs.com/3ef6f02235a8b9d061f0568f5fe415efjpeg.jpeg",
      "name": "酱爆茄子饭",
      "satisfy_rate": 0,
      "description": "",
      "original_price": null,
      "price": 21,
      "sold_out": false
    }, {
      "month_sales": 9,
      "image_path": "http://xiaodiwaimai.oss-cn-shenzhen.aliyuncs.com/6e4ca670611e725b88bc35cc40662ea6jpeg.jpeg",
      "name": "油豆腐烧肉饭",
      "satisfy_rate": 0,
      "description": "",
      "original_price": null,
      "price": 24,
      "sold_out": false
    }]
  }, {
    "description": "",
    "icon_url": "",
    "name": "5折品质美食",
    "foods": [{
      "month_sales": 3,
      "image_path": "http://xiaodiwaimai.oss-cn-shenzhen.aliyuncs.com/355ccef772ab393b1f34847bb2324941jpeg.jpeg",
      "name": "鸡爪翅中煲＋冬瓜+金针菇＋花蛤＋米饭",
      "satisfy_rate": 0,
      "description": "",
      "original_price": null,
      "price": 35,
      "sold_out": false
    }, {
      "month_sales": 1,
      "image_path": "http://xiaodiwaimai.oss-cn-shenzhen.aliyuncs.com/c418073976a4abfc26e1f8ad33fc7c03jpeg.jpeg",
      "name": "鸡公煲＋金针菇＋冬瓜＋千张＋米饭",
      "satisfy_rate": 0,
      "description": "",
      "original_price": null,
      "price": 35,
      "sold_out": false
    }, {
      "month_sales": 2,
      "image_path": "http://xiaodiwaimai.oss-cn-shenzhen.aliyuncs.com/a4674168957912ac0e96231878a52df6jpeg.jpeg",
      "name": "三鲜锅仔：鱼丸贡丸鸡块粉丝娃娃菜+米饭1",
      "satisfy_rate": 0,
      "description": "",
      "original_price": null,
      "price": 26.88,
      "sold_out": false
    }]
  }]
}
