[{
  "_id": "58ef9e8e76c6b100ccf8808d",
  "restaurant_id": "150135437",
  "content": {
    "avatar": "",
    "item_ratings": [{
      "food_name": "霹雳泡椒蛙（招牌爆款）★★★★★-2人份"
    }, {
      "food_name": "霸王别鸭头（招牌镇店必点）推荐★★★★★-2人份"
    }, {
      "food_name": "九转金脆肠（热卖）地道美味脆香千里★★★"
    }],
    "rated_at": "2017-03-26",
    "rating_star": 5,
    "rating_text": "送的很快，东西都很好吃，很新鲜，分量超足，很合口味，服务一级棒。",
    "time_spent_desc": "10分钟送达",
    "username": "匿名用户"
  },
  "__v": 0,
  "meta": {
    "updateAt": "2017-04-13T15:51:42.406Z",
    "createAt": "2017-04-13T15:51:42.406Z"
  }
}, {
  "_id": "58ef9e8e76c6b100ccf8808e",
  "restaurant_id": "150135437",
  "content": {
    "avatar": "",
    "item_ratings": [{
      "food_name": "暴走皮皮虾（椒盐派爆款）★★★★★"
    }, {
      "food_name": "德国进口啤酒瓦尔堡小麦黑啤500ml-1/瓶"
    }],
    "rated_at": "2017-04-10",
    "rating_star": 5,
    "rating_text": "",
    "time_spent_desc": "30分钟送达",
    "username": "匿名用户"
  },
  "__v": 0,
  "meta": {
    "updateAt": "2017-04-13T15:51:42.411Z",
    "createAt": "2017-04-13T15:51:42.411Z"
  }
}, {
  "_id": "58ef9e8e76c6b100ccf8808f",
  "restaurant_id": "150135437",
  "content": {
    "avatar": "",
    "item_ratings": [{
      "food_name": "魔鬼迷煎蟹（招牌必尝爆款）推荐★★★★★-母蟹四只"
    }],
    "rated_at": "2017-04-10",
    "rating_star": 5,
    "rating_text": "还不错，母蟹有点小……",
    "time_spent_desc": "30分钟送达",
    "username": "匿名用户"
  },
  "__v": 0,
  "meta": {
    "updateAt": "2017-04-13T15:51:42.411Z",
    "createAt": "2017-04-13T15:51:42.411Z"
  }
}, {
  "_id": "58ef9e8e76c6b100ccf88090",
  "restaurant_id": "150135437",
  "content": {
    "avatar": "",
    "item_ratings": [],
    "rated_at": "2017-04-10",
    "rating_star": 4,
    "rating_text": "味道还不错，就是牛蛙太老了，吃着好累",
    "time_spent_desc": "30分钟送达",
    "username": "匿名用户"
  },
  "__v": 0,
  "meta": {
    "updateAt": "2017-04-13T15:51:42.411Z",
    "createAt": "2017-04-13T15:51:42.411Z"
  }
}, {
  "_id": "58ef9e8e76c6b100ccf88091",
  "restaurant_id": "150135437",
  "content": {
    "avatar": "",
    "item_ratings": [],
    "rated_at": "2017-04-09",
    "rating_star": 2,
    "rating_text": "牛蛙跟鱼老的跟柴一样就这水平还能五颗星？螺丝百分之五十吸不出来",
    "time_spent_desc": "30分钟送达",
    "username": "匿名用户"
  },
  "__v": 0,
  "meta": {
    "updateAt": "2017-04-13T15:51:42.412Z",
    "createAt": "2017-04-13T15:51:42.412Z"
  }
}, {
  "_id": "58ef9e8e76c6b100ccf88092",
  "restaurant_id": "150135437",
  "content": {
    "avatar": "",
    "item_ratings": [],
    "rated_at": "2017-04-07",
    "rating_star": 5,
    "rating_text": "",
    "time_spent_desc": "30分钟送达",
    "username": "匿名用户"
  },
  "__v": 0,
  "meta": {
    "updateAt": "2017-04-13T15:51:42.412Z",
    "createAt": "2017-04-13T15:51:42.412Z"
  }
}, {
  "_id": "58ef9e8e76c6b100ccf88096",
  "restaurant_id": "150135437",
  "content": {
    "avatar": "",
    "item_ratings": [{
      "food_name": "霹雳泡椒蛙（招牌爆款）★★★★★-2人份"
    }, {
      "food_name": "霸王别鸭头（招牌镇店必点）推荐★★★★★-2人份"
    }],
    "rated_at": "2017-03-26",
    "rating_star": 5,
    "rating_text": "味道超赞，分量很足，包装也是意外的好，难得吃到这么满意的。好评",
    "time_spent_desc": "20分钟送达",
    "username": "匿名用户"
  },
  "__v": 0,
  "meta": {
    "updateAt": "2017-04-13T15:51:42.413Z",
    "createAt": "2017-04-13T15:51:42.413Z"
  }
}, {
  "_id": "58ef9e8e76c6b100ccf88097",
  "restaurant_id": "150135437",
  "content": {
    "avatar": "",
    "item_ratings": [{
      "food_name": "尖叫酸爽鱼（镇店之宝）★★★★★-2人份"
    }, {
      "food_name": "霸王别鸭头（招牌镇店必点）推荐★★★★★-2人份"
    }, {
      "food_name": "九转金脆肠（热卖）地道美味脆香千里★★★"
    }],
    "rated_at": "2017-03-26",
    "rating_star": 5,
    "rating_text": "送餐好快，味道很赞，难得吃到味道这么不错的外卖，包装保温很到位，会继续光顾的",
    "time_spent_desc": "20分钟送达",
    "username": "匿名用户"
  },
  "__v": 0,
  "meta": {
    "updateAt": "2017-04-13T15:51:42.413Z",
    "createAt": "2017-04-13T15:51:42.413Z"
  }
}, {
  "_id": "58ef9e8e76c6b100ccf88094",
  "restaurant_id": "150135437",
  "content": {
    "avatar": "",
    "item_ratings": [],
    "rated_at": "2017-04-02",
    "rating_star": 5,
    "rating_text": "可以可以。味道不错",
    "time_spent_desc": "30分钟送达",
    "username": "匿名用户"
  },
  "__v": 0,
  "meta": {
    "updateAt": "2017-04-13T15:51:42.412Z",
    "createAt": "2017-04-13T15:51:42.412Z"
  }
}, {
  "_id": "58ef9e8e76c6b100ccf88095",
  "restaurant_id": "150135437",
  "content": {
    "avatar": "",
    "item_ratings": [],
    "rated_at": "2017-03-31",
    "rating_star": 5,
    "rating_text": "",
    "time_spent_desc": "30分钟送达",
    "username": "匿名用户"
  },
  "__v": 0,
  "meta": {
    "updateAt": "2017-04-13T15:51:42.413Z",
    "createAt": "2017-04-13T15:51:42.413Z"
  }
}]
