{
  "_id": "58ec6278b3dcd70e483c70d2",
  "restaurant_id": "221848",
  "__v": 0,
  "meta": {
    "updateAt": "2017-04-11T04:58:32.748Z",
    "createAt": "2017-04-11T04:58:32.748Z"
  },
  "content": [{
    "description": "大家喜欢吃，才叫真好吃。",
    "icon_url": "http://xiaodiwaimai.oss-cn-shenzhen.aliyuncs.com/5da3872d782f707b4c82ce4607c73d1ajpeg.jpeg",
    "name": "热销榜",
    "foods": [{
      "month_sales": 182,
      "image_path": "http://xiaodiwaimai.oss-cn-shenzhen.aliyuncs.com/f31f2818fb0b76651f9c5b80259f2953jpeg.jpeg",
      "name": "鲜椒炒肉简餐饭",
      "satisfy_rate": 100,
      "description": "优质湖南椒炒肉＋时蔬＋卤蛋＋咸菜＋米饭，辣爽下饭哦！",
      "original_price": null,
      "price": 26.99,
      "sold_out": false
    }, {
      "month_sales": 162,
      "image_path": "http://xiaodiwaimai.oss-cn-shenzhen.aliyuncs.com/4103f21b7badffdb2bac4ae232acb68bjpeg.jpeg",
      "name": "香酥鸡排饭十奶茶",
      "satisfy_rate": 87,
      "description": "优质鸡大胸肉＋时蔬＋卤蛋＋下饭菜＋米饭＋奶茶，香酥可口哦！",
      "original_price": null,
      "price": 29.99,
      "sold_out": false
    }]
  }, {
    "description": "美味又实惠, 大家快来抢!",
    "icon_url": "http://xiaodiwaimai.oss-cn-shenzhen.aliyuncs.com/4735c4342691749b8e1a531149a46117jpeg.jpeg",
    "name": "优惠",
    "foods": [{
      "month_sales": 0,
      "image_path": "http://xiaodiwaimai.oss-cn-shenzhen.aliyuncs.com/254262853103da2d3a30500b6886fc3ajpeg.jpeg",
      "name": "鲜椒小炒肉简餐饭－特价",
      "satisfy_rate": 0,
      "description": "优质湖南椒炒肉＋时蔬＋卤蛋＋咸菜＋米饭，辣爽下饭哦！",
      "original_price": 38,
      "price": 9.88,
      "sold_out": false
    }, {
      "month_sales": 1,
      "image_path": "http://xiaodiwaimai.oss-cn-shenzhen.aliyuncs.com/a2dfb0d27f39dd82b23dc8f6dce63baajpeg.jpeg",
      "name": "小份微辣黄焖鸡米饭－特价",
      "satisfy_rate": 0,
      "description": "优质鸡腿肉＋土豆＋米饭，挑逗亲的味蕾！",
      "original_price": 38,
      "price": 9.88,
      "sold_out": false
    }, {
      "month_sales": 0,
      "image_path": "http://xiaodiwaimai.oss-cn-shenzhen.aliyuncs.com/4c8c9ea18fc90b77558776f7e22276b5jpeg.jpeg",
      "name": "香酥鸡排简餐饭－特价",
      "satisfy_rate": 0,
      "description": "优质鸡大胸肉＋时蔬＋卤蛋＋下饭菜＋米饭，香酥可口哦！",
      "original_price": 38,
      "price": 9.88,
      "sold_out": false
    }, {
      "month_sales": 0,
      "image_path": "http://xiaodiwaimai.oss-cn-shenzhen.aliyuncs.com/bc9a475e8aaac393ad06aec699b32db4jpeg.jpeg",
      "name": "糖醋味猪软骨简餐饭－特价",
      "satisfy_rate": 0,
      "description": "糖醋猪软骨＋时蔬＋卤蛋＋下饭菜＋米饭，满足亲对糖醋味的追求!",
      "original_price": 38,
      "price": 9.88,
      "sold_out": false
    }, {
      "month_sales": 0,
      "image_path": "http://xiaodiwaimai.oss-cn-shenzhen.aliyuncs.com/a0a74f50587be93741bb8d7496cd2af7jpeg.jpeg",
      "name": "香汁大排简餐饭－特价",
      "satisfy_rate": 0,
      "description": "优质猪大排＋时蔬＋卤蛋＋下饭菜＋米饭，美美的哦!",
      "original_price": 38,
      "price": 9.88,
      "sold_out": false
    }, {
      "month_sales": 0,
      "image_path": "http://xiaodiwaimai.oss-cn-shenzhen.aliyuncs.com/f51bed06e9aceda3bb56946aa85edfeejpeg.jpeg",
      "name": "初恋鸡腿简餐饭－特价",
      "satisfy_rate": 0,
      "description": "自制鸡全腿＋时蔬＋卤蛋＋下饭菜＋米饭，满足亲对肉食的追求！",
      "original_price": 38,
      "price": 9.88,
      "sold_out": false
    }, {
      "month_sales": 182,
      "image_path": "http://xiaodiwaimai.oss-cn-shenzhen.aliyuncs.com/f31f2818fb0b76651f9c5b80259f2953jpeg.jpeg",
      "name": "鲜椒炒肉简餐饭",
      "satisfy_rate": 100,
      "description": "优质湖南椒炒肉＋时蔬＋卤蛋＋咸菜＋米饭，辣爽下饭哦！",
      "original_price": 26.99,
      "price": 16.19,
      "sold_out": false
    }]
  }, {
    "description": "掌柜小小心意，请客官吃饱喝好！",
    "icon_url": "",
    "name": "每单送1瓶饮料",
    "foods": [{
      "month_sales": 0,
      "image_path": "http://xiaodiwaimai.oss-cn-shenzhen.aliyuncs.com/1e447e561f8f2d504504c95dd57e3f5cjpeg.jpeg",
      "name": "每单送饮料1瓶（随机派送）",
      "satisfy_rate": 0,
      "description": "饮料随机，每个订单限送1瓶，掌柜小小心意，请客官吃饱喝好！",
      "original_price": null,
      "price": 0,
      "sold_out": false
    }]
  }, {
    "description": "掌柜电话18507938081，菜肴可自选，有特殊要求欢迎来电协商，谢谢！",
    "icon_url": "",
    "name": "5人以上团队餐",
    "foods": [{
      "month_sales": 6,
      "image_path": "http://xiaodiwaimai.oss-cn-shenzhen.aliyuncs.com/74030bd07aecd431d7e64f56f1bd903bjpeg.jpeg",
      "name": "5人以上团队餐",
      "satisfy_rate": 0,
      "description": "团队餐13元起，下单前请致电18507938081预定，具体用餐标准、要求请告知，期待你的光顾！",
      "original_price": null,
      "price": 18,
      "sold_out": false
    }]
  }, {
    "description": "品类丰盛，价格实惠",
    "icon_url": "",
    "name": "双拼饭＋赠饮",
    "foods": [{
      "month_sales": 27,
      "image_path": "http://xiaodiwaimai.oss-cn-shenzhen.aliyuncs.com/f51bed06e9aceda3bb56946aa85edfeejpeg.jpeg",
      "name": "奥尔良兄弟双拼饭",
      "satisfy_rate": 100,
      "description": "奥尔良鸡腿＋奥尔良鸡排＋时蔬＋卤蛋＋下饭菜＋米饭，胸肉和腿肉一起Hi起来！",
      "original_price": null,
      "price": 29.99,
      "sold_out": false
    }, {
      "month_sales": 29,
      "image_path": "http://xiaodiwaimai.oss-cn-shenzhen.aliyuncs.com/34e6e248e2ed541ec1356297f777626cjpeg.jpeg",
      "name": "鲜椒炒肉拼鸡排饭",
      "satisfy_rate": 0,
      "description": "优质湖南椒炒肉＋奥尔良鸡排＋时蔬＋卤蛋＋咸菜＋米饭，辣爽下饭哦！",
      "original_price": null,
      "price": 29.99,
      "sold_out": false
    }, {
      "month_sales": 4,
      "image_path": "http://xiaodiwaimai.oss-cn-shenzhen.aliyuncs.com/97231609bf204f1339b780a3b9380393jpeg.jpeg",
      "name": "麻辣鸡块拼鸡排饭",
      "satisfy_rate": 0,
      "description": "麻辣鸡肉＋奥尔良鸡排＋时蔬＋卤蛋＋下饭菜＋米饭，满足亲对鸡肉的各种口味哦！",
      "original_price": null,
      "price": 29.99,
      "sold_out": false
    }, {
      "month_sales": 13,
      "image_path": "http://xiaodiwaimai.oss-cn-shenzhen.aliyuncs.com/7de86ee8c091a066390bf4cddbb0f1ddjpeg.jpeg",
      "name": "鱼香茄子拼鸡排饭",
      "satisfy_rate": 0,
      "description": "有机茄子＋奥尔良鸡排＋时蔬＋卤蛋＋下饭菜＋米饭，满满的鱼香味哦！",
      "original_price": null,
      "price": 29.99,
      "sold_out": false
    }, {
      "month_sales": 28,
      "image_path": "http://xiaodiwaimai.oss-cn-shenzhen.aliyuncs.com/bc9a475e8aaac393ad06aec699b32db4jpeg.jpeg",
      "name": "糖醋猪软骨拼鸡排饭",
      "satisfy_rate": 0,
      "description": "糖醋猪软骨＋奥尔良鸡排＋时蔬＋卤蛋＋下饭菜＋米饭，满足亲对糖醋味的追求！",
      "original_price": null,
      "price": 29.99,
      "sold_out": false
    }, {
      "month_sales": 11,
      "image_path": "http://xiaodiwaimai.oss-cn-shenzhen.aliyuncs.com/5a6a2fb110ac571db4bf46ba4d56e558jpeg.jpeg",
      "name": "香酥鸡排拼奥尔良鸡排饭",
      "satisfy_rate": 0,
      "description": "香酥鸡排＋奥尔良鸡排＋时蔬＋卤蛋＋下饭菜＋米饭，胸肉和胸肉的对决哦！",
      "original_price": null,
      "price": 29.99,
      "sold_out": false
    }, {
      "month_sales": 1,
      "image_path": "http://xiaodiwaimai.oss-cn-shenzhen.aliyuncs.com/93453c566c4cf50291fc9d6a062b9cf4jpeg.jpeg",
      "name": "酸豆角肉沫拼鸡排饭",
      "satisfy_rate": 0,
      "description": "自腌酸缸豆烧肉沫＋奥尔良鸡排＋时蔬＋卤蛋＋下饭菜＋米饭，开胃下饭哦！",
      "original_price": null,
      "price": 29.99,
      "sold_out": false
    }]
  }, {
    "description": "",
    "icon_url": "",
    "name": "简餐饭＋赠饮",
    "foods": [{
      "month_sales": 182,
      "image_path": "http://xiaodiwaimai.oss-cn-shenzhen.aliyuncs.com/f31f2818fb0b76651f9c5b80259f2953jpeg.jpeg",
      "name": "鲜椒炒肉简餐饭",
      "satisfy_rate": 100,
      "description": "优质湖南椒炒肉＋时蔬＋卤蛋＋咸菜＋米饭，辣爽下饭哦！",
      "original_price": null,
      "price": 26.99,
      "sold_out": false
    }, {
      "month_sales": 58,
      "image_path": "http://xiaodiwaimai.oss-cn-shenzhen.aliyuncs.com/c93bbb5c322994c18b6cf67be257b962jpeg.jpeg",
      "name": "香脆鸡排简餐饭",
      "satisfy_rate": 33,
      "description": "优质鸡大胸肉＋时蔬＋卤蛋＋下饭菜＋米饭，香酥可口哦！",
      "original_price": null,
      "price": 26.99,
      "sold_out": false
    }, {
      "month_sales": 181,
      "image_path": "http://xiaodiwaimai.oss-cn-shenzhen.aliyuncs.com/d4f58850e9ef4c436306c66100f29eeajpeg.jpeg",
      "name": "糖醋味猪软骨简餐饭",
      "satisfy_rate": 66,
      "description": "糖醋猪软骨＋时蔬＋卤蛋＋下饭菜＋米饭，满足亲对糖醋味的追求!",
      "original_price": null,
      "price": 27.99,
      "sold_out": false
    }, {
      "month_sales": 0,
      "image_path": "http://xiaodiwaimai.oss-cn-shenzhen.aliyuncs.com/a0a74f50587be93741bb8d7496cd2af7jpeg.jpeg",
      "name": "香汁大排简餐饭",
      "satisfy_rate": 0,
      "description": "优质猪大排肉＋时蔬＋卤蛋＋下饭菜＋米饭，美美的哦！",
      "original_price": null,
      "price": 27.99,
      "sold_out": false
    }, {
      "month_sales": 15,
      "image_path": "http://xiaodiwaimai.oss-cn-shenzhen.aliyuncs.com/28e506133022224adcb1c57cab820468jpeg.jpeg",
      "name": "麻辣鸡肉简餐饭",
      "satisfy_rate": 100,
      "description": "麻辣鸡肉＋时蔬＋卤蛋＋下饭菜＋米饭，麻辣可口！",
      "original_price": null,
      "price": 26.99,
      "sold_out": false
    }, {
      "month_sales": 16,
      "image_path": "http://xiaodiwaimai.oss-cn-shenzhen.aliyuncs.com/cbc0975009967792027816b85f745c47jpeg.jpeg",
      "name": "新奥尔良鸡排简餐饭",
      "satisfy_rate": 100,
      "description": "奥尔良鸡排＋时蔬＋卤蛋＋下饭菜＋米饭，香嫩可口！",
      "original_price": null,
      "price": 26.99,
      "sold_out": false
    }, {
      "month_sales": 42,
      "image_path": "http://xiaodiwaimai.oss-cn-shenzhen.aliyuncs.com/a6f6bc2bb0ac91dceb0d718941fc3518jpeg.jpeg",
      "name": "老鸭茶树菇简餐饭",
      "satisfy_rate": 0,
      "description": "优质老鸭肉烧茶树菇＋时蔬＋卤蛋＋下饭菜＋米饭，充满茶树菇的芬香！",
      "original_price": null,
      "price": 27.99,
      "sold_out": false
    }, {
      "month_sales": 13,
      "image_path": "http://xiaodiwaimai.oss-cn-shenzhen.aliyuncs.com/5c532d7bac392fafb5988fc448bb918djpeg.jpeg",
      "name": "干菜扣肉简餐饭",
      "satisfy_rate": 0,
      "description": "乌干菜蒸五花肉＋时蔬＋卤蛋＋下饭菜＋米饭，充满乌干菜的芬香！",
      "original_price": null,
      "price": 28.99,
      "sold_out": false
    }, {
      "month_sales": 16,
      "image_path": "http://xiaodiwaimai.oss-cn-shenzhen.aliyuncs.com/6f0aa959675fce3da3e110e285d5bab4jpeg.jpeg",
      "name": "初恋鸡腿简餐饭",
      "satisfy_rate": 100,
      "description": "自制鸡全腿＋时蔬＋卤蛋＋下饭菜＋米饭，满足亲对肉食的追求！",
      "original_price": null,
      "price": 27.99,
      "sold_out": false
    }, {
      "month_sales": 5,
      "image_path": "http://xiaodiwaimai.oss-cn-shenzhen.aliyuncs.com/fec5c607beaa280d6e7a84fbaf3d9108jpeg.jpeg",
      "name": "手工肉圆简餐饭",
      "satisfy_rate": 100,
      "description": "五花肉制成肉圆＋时蔬＋卤蛋＋下饭菜＋米饭，团团圆圆！",
      "original_price": null,
      "price": 28.99,
      "sold_out": false
    }, {
      "month_sales": 10,
      "image_path": "http://xiaodiwaimai.oss-cn-shenzhen.aliyuncs.com/f7059c5444cacaf87fd242f439a74223jpeg.jpeg",
      "name": "黑椒鸡柳简餐饭",
      "satisfy_rate": 0,
      "description": "黑椒汁烧无骨鸡柳＋时蔬＋卤蛋＋下饭菜＋米饭，满足亲对黑胡椒的追求！",
      "original_price": null,
      "price": 27.99,
      "sold_out": false
    }, {
      "month_sales": 16,
      "image_path": "http://xiaodiwaimai.oss-cn-shenzhen.aliyuncs.com/28a8e7fdf92f1fceb85c116b7c9f49bfjpeg.jpeg",
      "name": "鱼香茄子简餐饭",
      "satisfy_rate": 100,
      "description": "有机茄子＋时蔬＋卤蛋＋下饭菜＋米饭，满满的鱼香味哦！",
      "original_price": null,
      "price": 26.99,
      "sold_out": false
    }, {
      "month_sales": 13,
      "image_path": "http://xiaodiwaimai.oss-cn-shenzhen.aliyuncs.com/f62fd7d7dcae5bcacb865856bd47af5ejpeg.jpeg",
      "name": "密汁叉烧肉简餐饭",
      "satisfy_rate": 0,
      "description": "优质猪里脊瘦肉＋时蔬＋卤蛋＋下饭菜＋米饭，满足亲对瘦肉的追求哦！",
      "original_price": null,
      "price": 28.99,
      "sold_out": false
    }, {
      "month_sales": 6,
      "image_path": "http://xiaodiwaimai.oss-cn-shenzhen.aliyuncs.com/c8c7591ed4c3bf3abb2a94fd5237b038jpeg.jpeg",
      "name": "酸豆角肉沫简餐饭",
      "satisfy_rate": 0,
      "description": "自腌酸缸豆烧肉沫＋时蔬＋卤蛋＋下饭菜＋米饭，开胃下饭哦！",
      "original_price": null,
      "price": 26.99,
      "sold_out": false
    }, {
      "month_sales": 11,
      "image_path": "http://xiaodiwaimai.oss-cn-shenzhen.aliyuncs.com/3023e20f761be99a4a90eae88335e51ajpeg.jpeg",
      "name": "初恋红烧肉简餐饭",
      "satisfy_rate": 0,
      "description": "五花肉＋时蔬＋卤蛋＋下饭菜＋米饭，芬香可口！",
      "original_price": null,
      "price": 27.99,
      "sold_out": false
    }, {
      "month_sales": 3,
      "image_path": "http://xiaodiwaimai.oss-cn-shenzhen.aliyuncs.com/9c9ce6bce6e4da45d49a8c3b0245233bjpeg.jpeg",
      "name": "秘制猪脚简餐饭",
      "satisfy_rate": 0,
      "description": "优质猪蹄切块焖制＋时蔬＋卤蛋＋下饭菜＋米饭，满足亲对猪蹄的喜爱！",
      "original_price": null,
      "price": 27.99,
      "sold_out": false
    }, {
      "month_sales": 9,
      "image_path": "http://xiaodiwaimai.oss-cn-shenzhen.aliyuncs.com/327dfb152e3111e41d71afb9356327e2jpeg.jpeg",
      "name": "劲爆鸡柳简餐饭",
      "satisfy_rate": 0,
      "description": "无骨鸡柳肉＋时蔬＋卤蛋＋下饭菜＋米饭，爽脆口渴哦！",
      "original_price": null,
      "price": 27.99,
      "sold_out": false
    }, {
      "month_sales": 31,
      "image_path": "http://xiaodiwaimai.oss-cn-shenzhen.aliyuncs.com/57adb920f2d5ac9c6118df634300f099jpeg.jpeg",
      "name": "糖醋猪软骨简餐饭",
      "satisfy_rate": 0,
      "description": "糖醋猪软骨＋时蔬＋卤蛋＋下饭菜＋米饭，满足亲对糖醋味的追求！",
      "original_price": null,
      "price": 27.99,
      "sold_out": false
    }, {
      "month_sales": 3,
      "image_path": "http://xiaodiwaimai.oss-cn-shenzhen.aliyuncs.com/db3ffe66f82fd6c5f02d61428f0013aajpeg.jpeg",
      "name": "麻辣鸡简餐饭",
      "satisfy_rate": 0,
      "description": "麻辣鸡肉＋时蔬＋卤蛋＋下饭菜＋米饭，麻辣可口！",
      "original_price": null,
      "price": 26.99,
      "sold_out": false
    }, {
      "month_sales": 10,
      "image_path": "http://xiaodiwaimai.oss-cn-shenzhen.aliyuncs.com/bbd87883f54a0306292a2478eeeb56f5jpeg.jpeg",
      "name": "香酥鸡排简餐饭",
      "satisfy_rate": 0,
      "description": "优质鸡大胸肉＋时蔬＋卤蛋＋下饭菜＋米饭，香酥可口哦！",
      "original_price": null,
      "price": 26.99,
      "sold_out": false
    }, {
      "month_sales": 25,
      "image_path": "http://xiaodiwaimai.oss-cn-shenzhen.aliyuncs.com/fc19c8986609b5b2892b2dc5c4738351jpeg.jpeg",
      "name": "鲜椒小炒肉简餐饭",
      "satisfy_rate": 100,
      "description": "优质湖南椒炒肉＋时蔬＋卤蛋＋咸菜＋米饭，辣爽下饭哦！",
      "original_price": null,
      "price": 26.99,
      "sold_out": false
    }, {
      "month_sales": 2,
      "image_path": "http://xiaodiwaimai.oss-cn-shenzhen.aliyuncs.com/a05278facea1a4427ae8d7a3ffecc516jpeg.jpeg",
      "name": "肉丁蛋炒饭",
      "satisfy_rate": 0,
      "description": "肉丁＋蛋＋饭，充满肉、蛋的浓香",
      "original_price": null,
      "price": 27.99,
      "sold_out": false
    }, {
      "month_sales": 5,
      "image_path": "http://xiaodiwaimai.oss-cn-shenzhen.aliyuncs.com/bf6119ff859539bf72eedacf3ef475e6jpeg.jpeg",
      "name": "疯狂牛肉炒饭",
      "satisfy_rate": 0,
      "description": "牛腿肉＋时蔬＋下饭菜＋米饭，听说炒饭的师傅有小小帅哦！",
      "original_price": null,
      "price": 28.99,
      "sold_out": false
    }, {
      "month_sales": 2,
      "image_path": "http://xiaodiwaimai.oss-cn-shenzhen.aliyuncs.com/3ced408a10c8b415c407f71aebe37125jpeg.jpeg",
      "name": "茶树菇老鸭+奶茶",
      "satisfy_rate": 0,
      "description": "",
      "original_price": null,
      "price": 36,
      "sold_out": false
    }]
  }, {
    "description": "米饭不另收费，可免辣、微辣、特辣",
    "icon_url": "",
    "name": "黄焖鸡饭＋赠饮",
    "foods": [{
      "month_sales": 16,
      "image_path": "http://xiaodiwaimai.oss-cn-shenzhen.aliyuncs.com/728ed0bcdcf6284e642479d23f462657jpeg.jpeg",
      "name": "小份不辣黄焖鸡饭（含米饭）",
      "satisfy_rate": 0,
      "description": "优质鸡腿肉＋土豆＋米饭，挑逗亲的味蕾！",
      "original_price": null,
      "price": 27.99,
      "sold_out": false
    }, {
      "month_sales": 21,
      "image_path": "http://xiaodiwaimai.oss-cn-shenzhen.aliyuncs.com/38a8d2d4492f421ab87b0f193717f86ajpeg.jpeg",
      "name": "小份微辣黄焖鸡饭（含米饭）",
      "satisfy_rate": 0,
      "description": "优质鸡腿肉＋土豆＋米饭，挑逗亲的味蕾！",
      "original_price": null,
      "price": 27.99,
      "sold_out": false
    }, {
      "month_sales": 5,
      "image_path": "http://xiaodiwaimai.oss-cn-shenzhen.aliyuncs.com/d25b435b44714be009471c93c04881b8jpeg.jpeg",
      "name": "小份特辣黄焖鸡饭（含米饭）",
      "satisfy_rate": 0,
      "description": "优质鸡腿肉＋土豆＋米饭，挑逗亲的味蕾！",
      "original_price": null,
      "price": 27.99,
      "sold_out": false
    }, {
      "month_sales": 12,
      "image_path": "http://xiaodiwaimai.oss-cn-shenzhen.aliyuncs.com/d25b435b44714be009471c93c04881b8jpeg.jpeg",
      "name": "黄焖鸡米饭大份不辣（含米饭）",
      "satisfy_rate": 0,
      "description": "优质鸡腿肉＋土豆＋米饭，挑逗亲的味蕾！",
      "original_price": null,
      "price": 29.99,
      "sold_out": false
    }, {
      "month_sales": 14,
      "image_path": "http://xiaodiwaimai.oss-cn-shenzhen.aliyuncs.com/1b4b23da8d55ccd118593bc60cbb6c0fjpeg.jpeg",
      "name": "黄焖鸡米饭大份微辣（含米饭）",
      "satisfy_rate": 0,
      "description": "优质鸡腿肉＋土豆＋米饭，挑逗亲的味蕾！",
      "original_price": null,
      "price": 29.99,
      "sold_out": false
    }, {
      "month_sales": 11,
      "image_path": "http://xiaodiwaimai.oss-cn-shenzhen.aliyuncs.com/f0e60ee6ba30528e250f42b90f43f384jpeg.jpeg",
      "name": "黄焖鸡米饭大份特辣（含米饭）",
      "satisfy_rate": 0,
      "description": "优质鸡腿肉＋土豆＋米饭，挑逗亲的味蕾！",
      "original_price": null,
      "price": 29.99,
      "sold_out": false
    }]
  }, {
    "description": "配米饭",
    "icon_url": "",
    "name": "黄焖排骨饭＋赠饮",
    "foods": [{
      "month_sales": 10,
      "image_path": "http://xiaodiwaimai.oss-cn-shenzhen.aliyuncs.com/ba2ab8fd97dd5db906b8c1381b522a7bjpeg.jpeg",
      "name": "小份黄焖排骨（不辣）",
      "satisfy_rate": 100,
      "description": "优质排骨＋土豆＋米饭，挑逗亲的味蕾！",
      "original_price": null,
      "price": 28.99,
      "sold_out": false
    }, {
      "month_sales": 19,
      "image_path": "http://xiaodiwaimai.oss-cn-shenzhen.aliyuncs.com/ba2ab8fd97dd5db906b8c1381b522a7bjpeg.jpeg",
      "name": "小份黄焖排骨（微辣）",
      "satisfy_rate": 0,
      "description": "优质排骨＋土豆＋米饭，挑逗亲的味蕾！",
      "original_price": null,
      "price": 28.99,
      "sold_out": false
    }, {
      "month_sales": 5,
      "image_path": "http://xiaodiwaimai.oss-cn-shenzhen.aliyuncs.com/ba2ab8fd97dd5db906b8c1381b522a7bjpeg.jpeg",
      "name": "小份黄焖排骨（特辣）",
      "satisfy_rate": 0,
      "description": "优质排骨＋土豆＋米饭，挑逗亲的味蕾！",
      "original_price": null,
      "price": 28.99,
      "sold_out": false
    }, {
      "month_sales": 7,
      "image_path": "http://xiaodiwaimai.oss-cn-shenzhen.aliyuncs.com/ba2ab8fd97dd5db906b8c1381b522a7bjpeg.jpeg",
      "name": "大份黄焖排骨（不辣）",
      "satisfy_rate": 0,
      "description": "优质排骨＋土豆＋米饭，挑逗亲的味蕾！",
      "original_price": null,
      "price": 32.99,
      "sold_out": false
    }, {
      "month_sales": 13,
      "image_path": "http://xiaodiwaimai.oss-cn-shenzhen.aliyuncs.com/ba2ab8fd97dd5db906b8c1381b522a7bjpeg.jpeg",
      "name": "大份黄焖排骨（微辣）",
      "satisfy_rate": 0,
      "description": "优质排骨＋土豆＋米饭，挑逗亲的味蕾！",
      "original_price": null,
      "price": 32.99,
      "sold_out": false
    }, {
      "month_sales": 7,
      "image_path": "http://xiaodiwaimai.oss-cn-shenzhen.aliyuncs.com/ba2ab8fd97dd5db906b8c1381b522a7bjpeg.jpeg",
      "name": "大份黄焖排骨（特辣）",
      "satisfy_rate": 0,
      "description": "优质排骨＋土豆＋米饭，挑逗亲的味蕾！",
      "original_price": null,
      "price": 32.99,
      "sold_out": false
    }]
  }, {
    "description": "米饭，蔬菜",
    "icon_url": "",
    "name": "加料区",
    "foods": [{
      "month_sales": 38,
      "image_path": "http://xiaodiwaimai.oss-cn-shenzhen.aliyuncs.com/2ff05b00288c1149a849a6ba302803fbjpeg.jpeg",
      "name": "加米饭",
      "satisfy_rate": 100,
      "description": "本店用的是优质东北大米，口感适宜！",
      "original_price": null,
      "price": 2.99,
      "sold_out": false
    }, {
      "month_sales": 18,
      "image_path": "http://xiaodiwaimai.oss-cn-shenzhen.aliyuncs.com/e717b8f1ceecfb566ccf61b934006f71jpeg.jpeg",
      "name": "小青菜",
      "satisfy_rate": 0,
      "description": "绿色健康",
      "original_price": null,
      "price": 3.99,
      "sold_out": false
    }, {
      "month_sales": 17,
      "image_path": "http://xiaodiwaimai.oss-cn-shenzhen.aliyuncs.com/a531ea68604347a55be02926692608b9jpeg.jpeg",
      "name": "金针菇",
      "satisfy_rate": 100,
      "description": "最爱金针菇",
      "original_price": null,
      "price": 3.99,
      "sold_out": false
    }, {
      "month_sales": 12,
      "image_path": "http://xiaodiwaimai.oss-cn-shenzhen.aliyuncs.com/7868323c0e933ba243e1af5f3e5cdb82jpeg.jpeg",
      "name": "加千张",
      "satisfy_rate": 0,
      "description": "滑嫩爽口",
      "original_price": null,
      "price": 3.99,
      "sold_out": false
    }, {
      "month_sales": 9,
      "image_path": "http://xiaodiwaimai.oss-cn-shenzhen.aliyuncs.com/688bff8f79a7e40c09e7f404a0db676ajpeg.jpeg",
      "name": "土豆",
      "satisfy_rate": 0,
      "description": "传说中的土豆",
      "original_price": null,
      "price": 3.99,
      "sold_out": false
    }, {
      "month_sales": 17,
      "image_path": "http://xiaodiwaimai.oss-cn-shenzhen.aliyuncs.com/905ac2a26b0d6d92584069c522a07a4fjpeg.jpeg",
      "name": "娃娃菜",
      "satisfy_rate": 100,
      "description": "优选娃娃菜",
      "original_price": null,
      "price": 3.99,
      "sold_out": false
    }]
  }, {
    "description": "实惠",
    "icon_url": "",
    "name": "简餐饭＋奶茶＋赠饮",
    "foods": [{
      "month_sales": 62,
      "image_path": "http://xiaodiwaimai.oss-cn-shenzhen.aliyuncs.com/f57942478a933c8426519eb85de88230jpeg.jpeg",
      "name": "鲜椒小炒肉饭十奶茶",
      "satisfy_rate": 0,
      "description": "优质湖南椒炒肉＋时蔬＋卤蛋＋下饭菜＋米饭＋奶茶，辣爽下饭哦！",
      "original_price": null,
      "price": 29.99,
      "sold_out": false
    }, {
      "month_sales": 49,
      "image_path": "http://xiaodiwaimai.oss-cn-shenzhen.aliyuncs.com/4f5b80836a78b8aec735d5bd25782d5cjpeg.jpeg",
      "name": "小份微辣黃焖鸡饭十奶茶",
      "satisfy_rate": 66,
      "description": "优质鸡腿肉＋土豆＋米饭＋奶茶，挑逗亲的味蕾！",
      "original_price": null,
      "price": 29.99,
      "sold_out": false
    }, {
      "month_sales": 100,
      "image_path": "http://xiaodiwaimai.oss-cn-shenzhen.aliyuncs.com/1451744d6090c344867803d838021805jpeg.jpeg",
      "name": "小份不辣黄焖鸡饭十奶茶",
      "satisfy_rate": 66,
      "description": "优质鸡腿肉＋土豆＋米饭＋奶茶，挑逗亲的味蕾！",
      "original_price": null,
      "price": 29.99,
      "sold_out": false
    }, {
      "month_sales": 3,
      "image_path": "http://xiaodiwaimai.oss-cn-shenzhen.aliyuncs.com/28e506133022224adcb1c57cab820468jpeg.jpeg",
      "name": "麻辣鸡块饭十奶茶",
      "satisfy_rate": 0,
      "description": "麻辣鸡肉＋时蔬＋卤蛋＋下饭菜＋奶茶＋米饭＋奶茶，麻辣可口！",
      "original_price": null,
      "price": 29.99,
      "sold_out": false
    }, {
      "month_sales": 0,
      "image_path": "http://xiaodiwaimai.oss-cn-shenzhen.aliyuncs.com/a0a74f50587be93741bb8d7496cd2af7jpeg.jpeg",
      "name": "香汁大排饭＋奶茶",
      "satisfy_rate": 0,
      "description": "优质猪大排肉＋时蔬＋卤蛋＋下饭菜＋米饭＋奶茶，美美的哦！",
      "original_price": null,
      "price": 29.99,
      "sold_out": false
    }, {
      "month_sales": 11,
      "image_path": "http://xiaodiwaimai.oss-cn-shenzhen.aliyuncs.com/d4f58850e9ef4c436306c66100f29eeajpeg.jpeg",
      "name": "糖醋猪软骨饭＋奶茶",
      "satisfy_rate": 100,
      "description": "糖醋猪软骨＋时蔬＋卤蛋＋下饭菜＋米饭＋奶茶，满足亲对糖醋味的追求!",
      "original_price": null,
      "price": 29.99,
      "sold_out": false
    }, {
      "month_sales": 162,
      "image_path": "http://xiaodiwaimai.oss-cn-shenzhen.aliyuncs.com/4103f21b7badffdb2bac4ae232acb68bjpeg.jpeg",
      "name": "香酥鸡排饭十奶茶",
      "satisfy_rate": 87,
      "description": "优质鸡大胸肉＋时蔬＋卤蛋＋下饭菜＋米饭＋奶茶，香酥可口哦！",
      "original_price": null,
      "price": 29.99,
      "sold_out": false
    }, {
      "month_sales": 10,
      "image_path": "http://xiaodiwaimai.oss-cn-shenzhen.aliyuncs.com/3f4e28a7e04ce137a8f32dc20ec822aejpeg.jpeg",
      "name": "老鸭茶树菇饭十奶茶",
      "satisfy_rate": 0,
      "description": "优质老鸭肉烧茶树菇＋时蔬＋卤蛋＋下饭菜＋米饭＋奶茶，充满茶树菇的芬香！",
      "original_price": null,
      "price": 29.99,
      "sold_out": false
    }, {
      "month_sales": 50,
      "image_path": "http://xiaodiwaimai.oss-cn-shenzhen.aliyuncs.com/6f0aa959675fce3da3e110e285d5bab4jpeg.jpeg",
      "name": "奥尔良鸡腿饭十奶茶",
      "satisfy_rate": 100,
      "description": "自制鸡全腿＋时蔬＋卤蛋＋下饭菜＋米饭＋奶茶，满足亲对肉食的追求！",
      "original_price": null,
      "price": 29.99,
      "sold_out": false
    }, {
      "month_sales": 31,
      "image_path": "http://xiaodiwaimai.oss-cn-shenzhen.aliyuncs.com/e383706b031705ee85d76fae00056c82jpeg.jpeg",
      "name": "鱼香茄子饭十奶茶",
      "satisfy_rate": 0,
      "description": "有机茄子＋时蔬＋卤蛋＋下饭菜＋米饭＋奶茶，满满的鱼香味哦！",
      "original_price": null,
      "price": 29.99,
      "sold_out": false
    }, {
      "month_sales": 20,
      "image_path": "http://xiaodiwaimai.oss-cn-shenzhen.aliyuncs.com/58682f409cd9292e4af64c9549f83a2fjpeg.jpeg",
      "name": "奥尔良鸡排饭十奶茶",
      "satisfy_rate": 0,
      "description": "优质鸡腿排肉＋时蔬＋卤蛋＋下饭菜＋米饭＋奶茶，香嫩可口！",
      "original_price": null,
      "price": 29.99,
      "sold_out": false
    }, {
      "month_sales": 44,
      "image_path": "http://xiaodiwaimai.oss-cn-shenzhen.aliyuncs.com/ca19ccdf5d4c6fbc7357eb7e17a6463cjpeg.jpeg",
      "name": "黑椒鸡柳简餐饭十奶茶",
      "satisfy_rate": 100,
      "description": "黑椒汁烧无骨鸡柳＋时蔬＋卤蛋＋下饭菜＋米饭＋奶茶，满足亲对黑胡椒的追求！",
      "original_price": null,
      "price": 29.99,
      "sold_out": false
    }, {
      "month_sales": 9,
      "image_path": "http://xiaodiwaimai.oss-cn-shenzhen.aliyuncs.com/f678b02e4e473f0b1571bff9eb6c0595jpeg.jpeg",
      "name": "酸豆角肉沫饭十奶茶",
      "satisfy_rate": 0,
      "description": "自腌酸缸豆烧肉沫＋时蔬＋卤蛋＋下饭菜＋米饭＋奶茶，开胃下饭哦！",
      "original_price": null,
      "price": 29.99,
      "sold_out": false
    }, {
      "month_sales": 6,
      "image_path": "http://xiaodiwaimai.oss-cn-shenzhen.aliyuncs.com/71d7803e9c483d7e51170f6c387f5115jpeg.jpeg",
      "name": "劲爆鸡柳饭十奶茶",
      "satisfy_rate": 0,
      "description": "无骨鸡柳肉＋时蔬＋卤蛋＋下饭菜＋米饭＋奶茶，爽脆口渴哦！",
      "original_price": null,
      "price": 29.99,
      "sold_out": false
    }, {
      "month_sales": 54,
      "image_path": "http://xiaodiwaimai.oss-cn-shenzhen.aliyuncs.com/69e639e96119529abeca7e9fe0b1aec6jpeg.jpeg",
      "name": "干菜扣肉饭十奶茶",
      "satisfy_rate": 0,
      "description": "乌干菜蒸五花肉＋时蔬＋卤蛋＋下饭菜＋米饭＋奶茶，充满乌干菜的芬香！",
      "original_price": null,
      "price": 54,
      "sold_out": false
    }]
  }, {
    "description": "正宗湖南米粉",
    "icon_url": "",
    "name": "湖南米粉、面条＋赠饮",
    "foods": [{
      "month_sales": 4,
      "image_path": "http://xiaodiwaimai.oss-cn-shenzhen.aliyuncs.com/62cb50bb167490e71f3f316e40976029jpeg.jpeg",
      "name": "美味鸡肉粉",
      "satisfy_rate": 100,
      "description": "鸡肉＋湖南米线，配上浓浓的高汤，营养丰富！",
      "original_price": null,
      "price": 27.99,
      "sold_out": false
    }, {
      "month_sales": 7,
      "image_path": "http://xiaodiwaimai.oss-cn-shenzhen.aliyuncs.com/25429403fc8ef49da1c1fc99fc80d2c7jpeg.jpeg",
      "name": "香汁排骨粉",
      "satisfy_rate": 0,
      "description": "排骨＋湖南米线，配上浓浓的高汤，营养丰富！",
      "original_price": null,
      "price": 28.99,
      "sold_out": false
    }, {
      "month_sales": 2,
      "image_path": "http://xiaodiwaimai.oss-cn-shenzhen.aliyuncs.com/e9b2de98f3646637511f16bb158cd25ejpeg.jpeg",
      "name": "酸豆角肉沫粉",
      "satisfy_rate": 0,
      "description": "自制酸缸豆＋湖南米线，配上浓浓的高汤，营养丰富！",
      "original_price": null,
      "price": 26.99,
      "sold_out": false
    }, {
      "month_sales": 4,
      "image_path": "http://xiaodiwaimai.oss-cn-shenzhen.aliyuncs.com/7065469ffbf755214c194bd0128cf873jpeg.jpeg",
      "name": "秘制猪脚粉",
      "satisfy_rate": 0,
      "description": "猪脚＋湖南米线，配上浓浓的高汤，营养丰富！",
      "original_price": null,
      "price": 27.99,
      "sold_out": false
    }, {
      "month_sales": 1,
      "image_path": "http://xiaodiwaimai.oss-cn-shenzhen.aliyuncs.com/9016f73303915f4ab61547825dfaed4djpeg.jpeg",
      "name": "干菜扣肉粉",
      "satisfy_rate": 100,
      "description": "排骨＋湖南米线，配上浓浓的高汤，营养丰富！",
      "original_price": null,
      "price": 28.99,
      "sold_out": false
    }, {
      "month_sales": 1,
      "image_path": "http://xiaodiwaimai.oss-cn-shenzhen.aliyuncs.com/c0cc83e7c8935cd6a9b31a716918a112jpeg.jpeg",
      "name": "手工肉圆粉",
      "satisfy_rate": 0,
      "description": "肉圆＋湖南米线，配上浓浓的高汤，营养丰富！",
      "original_price": null,
      "price": 28.99,
      "sold_out": false
    }, {
      "month_sales": 1,
      "image_path": "http://xiaodiwaimai.oss-cn-shenzhen.aliyuncs.com/8c8f9183fa6d2378831a2b9103b92abbjpeg.jpeg",
      "name": "老鸭茶树菇粉",
      "satisfy_rate": 0,
      "description": "鸭肉＋湖南米线，配上浓浓的高汤，营养丰富！",
      "original_price": null,
      "price": 27.99,
      "sold_out": false
    }, {
      "month_sales": 0,
      "image_path": "http://xiaodiwaimai.oss-cn-shenzhen.aliyuncs.com/d786de5404ce85d89f35407dbcf29c6fjpeg.jpeg",
      "name": "美味鸡肉面",
      "satisfy_rate": 0,
      "description": "鸡肉＋手工面，配上浓浓的高汤，营养丰富！",
      "original_price": null,
      "price": 27.99,
      "sold_out": false
    }, {
      "month_sales": 0,
      "image_path": "http://xiaodiwaimai.oss-cn-shenzhen.aliyuncs.com/b52bf5c0e58ba150b2e56deb867b024bjpeg.jpeg",
      "name": "香汁排骨面",
      "satisfy_rate": 0,
      "description": "排骨＋湖南米线，配上浓浓的高汤，营养丰富！",
      "original_price": null,
      "price": 28.99,
      "sold_out": false
    }]
  }, {
    "description": "",
    "icon_url": "",
    "name": "鸡排、小吃类",
    "foods": [{
      "month_sales": 17,
      "image_path": "http://xiaodiwaimai.oss-cn-shenzhen.aliyuncs.com/556ba8f53ea88a8ab687be639c0e814bjpeg.jpeg",
      "name": "卤蛋",
      "satisfy_rate": 100,
      "description": "优质鸡蛋，营养健康！",
      "original_price": null,
      "price": 3.99,
      "sold_out": false
    }, {
      "month_sales": 1,
      "image_path": "http://xiaodiwaimai.oss-cn-shenzhen.aliyuncs.com/4b2f22cb1df03f45a0ff850a3bcd5854jpeg.jpeg",
      "name": "一阳指",
      "satisfy_rate": 0,
      "description": "本产品由有机籼米为原料，古法制作而成，运输途中容易断裂，不影响食用，敬请客官们谅解！",
      "original_price": null,
      "price": 11,
      "sold_out": false
    }, {
      "month_sales": 3,
      "image_path": "http://xiaodiwaimai.oss-cn-shenzhen.aliyuncs.com/e4bd62e54df9c76f0e80521466c0b745jpeg.jpeg",
      "name": "奥尔良鸡腿（一只）",
      "satisfy_rate": 0,
      "description": "单品",
      "original_price": null,
      "price": 17,
      "sold_out": false
    }, {
      "month_sales": 4,
      "image_path": "http://xiaodiwaimai.oss-cn-shenzhen.aliyuncs.com/69b1c65835832712d799825677e2c49djpeg.jpeg",
      "name": "孜然大鸡排",
      "satisfy_rate": 0,
      "description": "孜然口味，口感芬香！",
      "original_price": null,
      "price": 17,
      "sold_out": false
    }, {
      "month_sales": 1,
      "image_path": "http://xiaodiwaimai.oss-cn-shenzhen.aliyuncs.com/69b1c65835832712d799825677e2c49djpeg.jpeg",
      "name": "香辣大鸡排",
      "satisfy_rate": 0,
      "description": "香辣口味，口感芬香！",
      "original_price": null,
      "price": 17,
      "sold_out": false
    }, {
      "month_sales": 1,
      "image_path": "http://xiaodiwaimai.oss-cn-shenzhen.aliyuncs.com/69b1c65835832712d799825677e2c49djpeg.jpeg",
      "name": "甘梅味大鸡排",
      "satisfy_rate": 0,
      "description": "甘梅口味，口感芬香！",
      "original_price": null,
      "price": 17,
      "sold_out": false
    }, {
      "month_sales": 1,
      "image_path": "http://xiaodiwaimai.oss-cn-shenzhen.aliyuncs.com/69b1c65835832712d799825677e2c49djpeg.jpeg",
      "name": "原味大鸡排",
      "satisfy_rate": 0,
      "description": "原汁原味，口感芬香！",
      "original_price": null,
      "price": 17,
      "sold_out": false
    }, {
      "month_sales": 4,
      "image_path": "http://xiaodiwaimai.oss-cn-shenzhen.aliyuncs.com/60d7170cef54ac6f1369a7f7a9ad874ajpeg.jpeg",
      "name": "雪花鸡柳",
      "satisfy_rate": 0,
      "description": "脆爽可口！",
      "original_price": null,
      "price": 15,
      "sold_out": false
    }, {
      "month_sales": 4,
      "image_path": "http://xiaodiwaimai.oss-cn-shenzhen.aliyuncs.com/faa2df8caea99b9eafce25a652a59db9jpeg.jpeg",
      "name": "盐酥鸡",
      "satisfy_rate": 0,
      "description": "口感芬香！",
      "original_price": null,
      "price": 15,
      "sold_out": false
    }, {
      "month_sales": 4,
      "image_path": "http://xiaodiwaimai.oss-cn-shenzhen.aliyuncs.com/6fc032b8976aed4b8c0e5e6d98d47bdfjpeg.jpeg",
      "name": "骨肉相连",
      "satisfy_rate": 0,
      "description": "每份2根",
      "original_price": null,
      "price": 9,
      "sold_out": false
    }, {
      "month_sales": 3,
      "image_path": "http://xiaodiwaimai.oss-cn-shenzhen.aliyuncs.com/add2e2c85d645458532b92dc084d50cbjpeg.jpeg",
      "name": "奥尔良鸡排",
      "satisfy_rate": 0,
      "description": "优质鸡腿排肉",
      "original_price": null,
      "price": 15,
      "sold_out": false
    }, {
      "month_sales": 1,
      "image_path": "http://xiaodiwaimai.oss-cn-shenzhen.aliyuncs.com/a191c22d177d82d7106a53a56f2e6163jpeg.jpeg",
      "name": "黄焖排骨",
      "satisfy_rate": 0,
      "description": "单品",
      "original_price": null,
      "price": 18,
      "sold_out": false
    }, {
      "month_sales": 2,
      "image_path": "http://xiaodiwaimai.oss-cn-shenzhen.aliyuncs.com/9006ad5b8e594b3ac179fd49f6e2b5d3jpeg.jpeg",
      "name": "手工肉圆",
      "satisfy_rate": 0,
      "description": "单品",
      "original_price": null,
      "price": 18,
      "sold_out": false
    }, {
      "month_sales": 2,
      "image_path": "http://xiaodiwaimai.oss-cn-shenzhen.aliyuncs.com/0541242b2897f2a4221fb3f0acc4f264jpeg.jpeg",
      "name": "单品梅菜扣肉",
      "satisfy_rate": 0,
      "description": "单品",
      "original_price": null,
      "price": 18,
      "sold_out": false
    }, {
      "month_sales": 5,
      "image_path": "http://xiaodiwaimai.oss-cn-shenzhen.aliyuncs.com/5cffd2d4e9646dd4c00d6a66f8996daajpeg.jpeg",
      "name": "秘制猪脚",
      "satisfy_rate": 0,
      "description": "单品",
      "original_price": null,
      "price": 18,
      "sold_out": false
    }]
  }, {
    "description": "",
    "icon_url": "",
    "name": "奶茶、饮料",
    "foods": [{
      "month_sales": 1,
      "image_path": "http://xiaodiwaimai.oss-cn-shenzhen.aliyuncs.com/fa1268b6dd2ddc7b48917696362f22aajpeg.jpeg",
      "name": "芒果魔豆奶茶",
      "satisfy_rate": 0,
      "description": "芒果魔豆味",
      "original_price": null,
      "price": 8,
      "sold_out": false
    }, {
      "month_sales": 8,
      "image_path": "http://xiaodiwaimai.oss-cn-shenzhen.aliyuncs.com/9a664f6f06e216a84ed3d139214bd2b3jpeg.jpeg",
      "name": "椰果奶茶",
      "satisfy_rate": 0,
      "description": "热饮",
      "original_price": null,
      "price": 8,
      "sold_out": false
    }, {
      "month_sales": 2,
      "image_path": "http://xiaodiwaimai.oss-cn-shenzhen.aliyuncs.com/1a37bfc30a24fa972ddeb658e84ee2a5jpeg.jpeg",
      "name": "原味奶茶",
      "satisfy_rate": 0,
      "description": "热饮",
      "original_price": null,
      "price": 7.5,
      "sold_out": false
    }, {
      "month_sales": 2,
      "image_path": "http://xiaodiwaimai.oss-cn-shenzhen.aliyuncs.com/426fd90c2cef4502be187b6873657c3ajpeg.jpeg",
      "name": "酸梅汁",
      "satisfy_rate": 0,
      "description": "酸爽开胃",
      "original_price": null,
      "price": 7.5,
      "sold_out": false
    }, {
      "month_sales": 4,
      "image_path": "http://xiaodiwaimai.oss-cn-shenzhen.aliyuncs.com/745250cde1450ad8d75fe442f66010b3jpeg.jpeg",
      "name": "矿泉水",
      "satisfy_rate": 0,
      "description": "娃哈哈",
      "original_price": null,
      "price": 4,
      "sold_out": false
    }, {
      "month_sales": 2,
      "image_path": "http://xiaodiwaimai.oss-cn-shenzhen.aliyuncs.com/14abf3de7e6d084049b3b66372202e4fjpeg.jpeg",
      "name": "汇源橙汁",
      "satisfy_rate": 0,
      "description": "纸盒装",
      "original_price": null,
      "price": 4,
      "sold_out": false
    }, {
      "month_sales": 4,
      "image_path": "http://xiaodiwaimai.oss-cn-shenzhen.aliyuncs.com/c8b77870d1f75a63c283f53cfd3ffb13jpeg.jpeg",
      "name": "汇源桃汁",
      "satisfy_rate": 0,
      "description": "纸盒装",
      "original_price": null,
      "price": 4,
      "sold_out": false
    }, {
      "month_sales": 2,
      "image_path": "http://xiaodiwaimai.oss-cn-shenzhen.aliyuncs.com/b26cada9429c0f014bdbc74384c33e4ajpeg.jpeg",
      "name": "芬达",
      "satisfy_rate": 0,
      "description": "补充能量，首选芬达！",
      "original_price": null,
      "price": 6,
      "sold_out": false
    }, {
      "month_sales": 1,
      "image_path": "http://xiaodiwaimai.oss-cn-shenzhen.aliyuncs.com/3d6ee3d4d2a1e59d2430ac6ab9d49896jpeg.jpeg",
      "name": "冰红茶（盒装）",
      "satisfy_rate": 0,
      "description": "纸盒装",
      "original_price": null,
      "price": 4,
      "sold_out": false
    }, {
      "month_sales": 4,
      "image_path": "http://xiaodiwaimai.oss-cn-shenzhen.aliyuncs.com/7db50c1310e16d9600459cde0ce504ddjpeg.jpeg",
      "name": "王老吉",
      "satisfy_rate": 0,
      "description": "怕上火就喝王老吉，耶！",
      "original_price": null,
      "price": 7.5,
      "sold_out": false
    }, {
      "month_sales": 6,
      "image_path": "http://xiaodiwaimai.oss-cn-shenzhen.aliyuncs.com/d002e686dfbe83e097e262e6556fb737jpeg.jpeg",
      "name": "可乐",
      "satisfy_rate": 100,
      "description": "罐装",
      "original_price": null,
      "price": 6,
      "sold_out": false
    }, {
      "month_sales": 9,
      "image_path": "http://xiaodiwaimai.oss-cn-shenzhen.aliyuncs.com/fc2bb0650e85a499bdd4141fa3f26054jpeg.jpeg",
      "name": "雪碧",
      "satisfy_rate": 0,
      "description": "罐装",
      "original_price": null,
      "price": 6,
      "sold_out": false
    }]
  }, {
    "description": "折扣多多哦",
    "icon_url": "",
    "name": "9.9元特价＋赠饮",
    "foods": [{
      "month_sales": 0,
      "image_path": "http://xiaodiwaimai.oss-cn-shenzhen.aliyuncs.com/254262853103da2d3a30500b6886fc3ajpeg.jpeg",
      "name": "鲜椒小炒肉简餐饭－特价",
      "satisfy_rate": 0,
      "description": "优质湖南椒炒肉＋时蔬＋卤蛋＋咸菜＋米饭，辣爽下饭哦！",
      "original_price": 38,
      "price": 9.88,
      "sold_out": false
    }, {
      "month_sales": 1,
      "image_path": "http://xiaodiwaimai.oss-cn-shenzhen.aliyuncs.com/a2dfb0d27f39dd82b23dc8f6dce63baajpeg.jpeg",
      "name": "小份微辣黄焖鸡米饭－特价",
      "satisfy_rate": 0,
      "description": "优质鸡腿肉＋土豆＋米饭，挑逗亲的味蕾！",
      "original_price": 38,
      "price": 9.88,
      "sold_out": false
    }, {
      "month_sales": 0,
      "image_path": "http://xiaodiwaimai.oss-cn-shenzhen.aliyuncs.com/4c8c9ea18fc90b77558776f7e22276b5jpeg.jpeg",
      "name": "香酥鸡排简餐饭－特价",
      "satisfy_rate": 0,
      "description": "优质鸡大胸肉＋时蔬＋卤蛋＋下饭菜＋米饭，香酥可口哦！",
      "original_price": 38,
      "price": 9.88,
      "sold_out": false
    }, {
      "month_sales": 0,
      "image_path": "http://xiaodiwaimai.oss-cn-shenzhen.aliyuncs.com/bc9a475e8aaac393ad06aec699b32db4jpeg.jpeg",
      "name": "糖醋味猪软骨简餐饭－特价",
      "satisfy_rate": 0,
      "description": "糖醋猪软骨＋时蔬＋卤蛋＋下饭菜＋米饭，满足亲对糖醋味的追求!",
      "original_price": 38,
      "price": 9.88,
      "sold_out": false
    }, {
      "month_sales": 0,
      "image_path": "http://xiaodiwaimai.oss-cn-shenzhen.aliyuncs.com/a0a74f50587be93741bb8d7496cd2af7jpeg.jpeg",
      "name": "香汁大排简餐饭－特价",
      "satisfy_rate": 0,
      "description": "优质猪大排＋时蔬＋卤蛋＋下饭菜＋米饭，美美的哦!",
      "original_price": 38,
      "price": 9.88,
      "sold_out": false
    }, {
      "month_sales": 0,
      "image_path": "http://xiaodiwaimai.oss-cn-shenzhen.aliyuncs.com/f51bed06e9aceda3bb56946aa85edfeejpeg.jpeg",
      "name": "初恋鸡腿简餐饭－特价",
      "satisfy_rate": 0,
      "description": "自制鸡全腿＋时蔬＋卤蛋＋下饭菜＋米饭，满足亲对肉食的追求！",
      "original_price": 38,
      "price": 9.88,
      "sold_out": false
    }]
  }]
}
